Ride,Date/Time,Wait Time
Haunted Mansion,11/01/2024 07:00,50.0
Haunted Mansion,11/01/2024 07:05,50.0
Haunted Mansion,11/01/2024 07:10,50.0
Haunted Mansion,11/01/2024 07:15,50.0
Haunted Mansion,11/01/2024 07:20,50.0
Haunted Mansion,11/01/2024 07:25,50.0
Haunted Mansion,11/01/2024 07:30,50.0
Haunted Mansion,11/01/2024 07:35,50.0
Haunted Mansion,11/01/2024 07:40,50.0
Haunted Mansion,11/01/2024 07:45,50.0
Haunted Mansion,11/01/2024 07:50,50.0
Haunted Mansion,11/01/2024 07:55,50.0
Haunted Mansion,11/01/2024 08:00,50.0
Haunted Mansion,11/01/2024 08:05,50.0
Haunted Mansion,11/01/2024 08:10,50.0
Haunted Mansion,11/01/2024 08:15,50.0
Haunted Mansion,11/01/2024 08:20,50.0
Haunted Mansion,11/01/2024 08:25,50.0
Haunted Mansion,11/01/2024 08:30,50.0
Haunted Mansion,11/01/2024 08:35,50.0
Haunted Mansion,11/01/2024 08:40,50.0
Haunted Mansion,11/01/2024 08:45,50.0
Haunted Mansion,11/01/2024 08:50,50.0
Haunted Mansion,11/01/2024 08:55,50.0
Haunted Mansion,11/01/2024 09:00,50.0
Haunted Mansion,11/01/2024 09:05,50.0
Haunted Mansion,11/01/2024 09:10,50.0
Haunted Mansion,11/01/2024 09:15,50.0
Haunted Mansion,11/01/2024 09:20,50.0
Haunted Mansion,11/01/2024 09:25,50.0
Haunted Mansion,11/01/2024 09:30,50.0
Haunted Mansion,11/01/2024 09:35,50.0
Haunted Mansion,11/01/2024 09:40,50.0
Haunted Mansion,11/01/2024 09:45,50.0
Haunted Mansion,11/01/2024 09:50,50.0
Haunted Mansion,11/01/2024 09:55,50.0
Haunted Mansion,11/01/2024 10:00,50.0
Haunted Mansion,11/01/2024 10:05,50.0
Haunted Mansion,11/01/2024 10:10,50.0
Haunted Mansion,11/01/2024 10:15,50.0
Haunted Mansion,11/01/2024 10:20,50.0
Haunted Mansion,11/01/2024 10:25,50.0
Haunted Mansion,11/01/2024 10:30,50.0
Haunted Mansion,11/01/2024 10:35,50.0
Haunted Mansion,11/01/2024 10:40,50.0
Haunted Mansion,11/01/2024 10:45,50.0
Haunted Mansion,11/01/2024 10:50,50.0
Haunted Mansion,11/01/2024 10:55,50.0
Haunted Mansion,11/01/2024 11:00,50.0
Haunted Mansion,11/01/2024 11:05,50.0
Haunted Mansion,11/01/2024 11:10,50.0
Haunted Mansion,11/01/2024 11:15,50.0
Haunted Mansion,11/01/2024 11:20,50.0
Haunted Mansion,11/01/2024 11:25,50.0
Haunted Mansion,11/01/2024 11:30,50.0
Haunted Mansion,11/01/2024 11:35,50.0
Haunted Mansion,11/01/2024 11:40,50.0
Haunted Mansion,11/01/2024 11:45,50.0
Haunted Mansion,11/01/2024 11:50,50.0
Haunted Mansion,11/01/2024 11:55,50.0
Haunted Mansion,11/01/2024 12:00,50.0
Haunted Mansion,11/01/2024 12:05,50.0
Haunted Mansion,11/01/2024 12:10,50.0
Haunted Mansion,11/01/2024 12:15,50.0
Haunted Mansion,11/01/2024 12:20,50.0
Haunted Mansion,11/01/2024 12:25,50.0
Haunted Mansion,11/01/2024 12:30,50.0
Haunted Mansion,11/01/2024 12:35,50.0
Haunted Mansion,11/01/2024 12:40,50.0
Haunted Mansion,11/01/2024 12:45,50.0
Haunted Mansion,11/01/2024 12:50,50.0
Haunted Mansion,11/01/2024 12:55,50.0
Haunted Mansion,11/02/2024 07:00,50.0
Haunted Mansion,11/02/2024 07:05,50.0
Haunted Mansion,11/02/2024 07:10,50.0
Haunted Mansion,11/02/2024 07:15,50.0
Haunted Mansion,11/02/2024 07:20,50.0
Haunted Mansion,11/02/2024 07:25,50.0
Haunted Mansion,11/02/2024 07:30,50.0
Haunted Mansion,11/02/2024 07:35,50.0
Haunted Mansion,11/02/2024 07:40,50.0
Haunted Mansion,11/02/2024 07:45,50.0
Haunted Mansion,11/02/2024 07:50,50.0
Haunted Mansion,11/02/2024 07:55,50.0
Haunted Mansion,11/02/2024 08:00,50.0
Haunted Mansion,11/02/2024 08:05,50.0
Haunted Mansion,11/02/2024 08:10,50.0
Haunted Mansion,11/02/2024 08:15,50.0
Haunted Mansion,11/02/2024 08:20,50.0
Haunted Mansion,11/02/2024 08:25,50.0
Haunted Mansion,11/02/2024 08:30,50.0
Haunted Mansion,11/02/2024 08:35,50.0
Haunted Mansion,11/02/2024 08:40,50.0
Haunted Mansion,11/02/2024 08:45,50.0
Haunted Mansion,11/02/2024 08:50,50.0
Haunted Mansion,11/02/2024 08:55,50.0
Haunted Mansion,11/02/2024 09:00,50.0
Haunted Mansion,11/02/2024 09:05,50.0
Haunted Mansion,11/02/2024 09:10,50.0
Haunted Mansion,11/02/2024 09:15,50.0
Haunted Mansion,11/02/2024 09:20,50.0
Haunted Mansion,11/02/2024 09:25,50.0
Haunted Mansion,11/02/2024 09:30,50.0
Haunted Mansion,11/02/2024 09:35,50.0
Haunted Mansion,11/02/2024 09:40,50.0
Haunted Mansion,11/02/2024 09:45,50.0
Haunted Mansion,11/02/2024 09:50,50.0
Haunted Mansion,11/02/2024 09:55,50.0
Haunted Mansion,11/02/2024 10:00,50.0
Haunted Mansion,11/02/2024 10:05,50.0
Haunted Mansion,11/02/2024 10:10,50.0
Haunted Mansion,11/02/2024 10:15,50.0
Haunted Mansion,11/02/2024 10:20,50.0
Haunted Mansion,11/02/2024 10:25,50.0
Haunted Mansion,11/02/2024 10:30,50.0
Haunted Mansion,11/02/2024 10:35,50.0
Haunted Mansion,11/02/2024 10:40,50.0
Haunted Mansion,11/02/2024 10:45,50.0
Haunted Mansion,11/02/2024 10:50,50.0
Haunted Mansion,11/02/2024 10:55,50.0
Haunted Mansion,11/02/2024 11:00,50.0
Haunted Mansion,11/02/2024 11:05,50.0
Haunted Mansion,11/02/2024 11:10,50.0
Haunted Mansion,11/02/2024 11:15,50.0
Haunted Mansion,11/02/2024 11:20,50.0
Haunted Mansion,11/02/2024 11:25,50.0
Haunted Mansion,11/02/2024 11:30,50.0
Haunted Mansion,11/02/2024 11:35,50.0
Haunted Mansion,11/02/2024 11:40,50.0
Haunted Mansion,11/02/2024 11:45,50.0
Haunted Mansion,11/02/2024 11:50,50.0
Haunted Mansion,11/02/2024 11:55,50.0
Haunted Mansion,11/02/2024 12:00,50.0
Haunted Mansion,11/02/2024 12:05,50.0
Haunted Mansion,11/02/2024 12:10,50.0
Haunted Mansion,11/02/2024 12:15,50.0
Haunted Mansion,11/02/2024 12:20,50.0
Haunted Mansion,11/02/2024 12:25,50.0
Haunted Mansion,11/02/2024 12:30,50.0
Haunted Mansion,11/02/2024 12:35,50.0
Haunted Mansion,11/02/2024 12:40,50.0
Haunted Mansion,11/02/2024 12:45,50.0
Haunted Mansion,11/02/2024 12:50,50.0
Haunted Mansion,11/02/2024 12:55,50.0
Haunted Mansion,11/03/2024 07:00,50.0
Haunted Mansion,11/03/2024 07:05,50.0
Haunted Mansion,11/03/2024 07:10,50.0
Haunted Mansion,11/03/2024 07:15,50.0
Haunted Mansion,11/03/2024 07:20,50.0
Haunted Mansion,11/03/2024 07:25,50.0
Haunted Mansion,11/03/2024 07:30,50.0
Haunted Mansion,11/03/2024 07:35,50.0
Haunted Mansion,11/03/2024 07:40,50.0
Haunted Mansion,11/03/2024 07:45,50.0
Haunted Mansion,11/03/2024 07:50,50.0
Haunted Mansion,11/03/2024 07:55,50.0
Haunted Mansion,11/03/2024 08:00,50.0
Haunted Mansion,11/03/2024 08:05,50.0
Haunted Mansion,11/03/2024 08:10,50.0
Haunted Mansion,11/03/2024 08:15,50.0
Haunted Mansion,11/03/2024 08:20,50.0
Haunted Mansion,11/03/2024 08:25,50.0
Haunted Mansion,11/03/2024 08:30,50.0
Haunted Mansion,11/03/2024 08:35,50.0
Haunted Mansion,11/03/2024 08:40,50.0
Haunted Mansion,11/03/2024 08:45,50.0
Haunted Mansion,11/03/2024 08:50,50.0
Haunted Mansion,11/03/2024 08:55,50.0
Haunted Mansion,11/03/2024 09:00,50.0
Haunted Mansion,11/03/2024 09:05,50.0
Haunted Mansion,11/03/2024 09:10,50.0
Haunted Mansion,11/03/2024 09:15,50.0
Haunted Mansion,11/03/2024 09:20,50.0
Haunted Mansion,11/03/2024 09:25,50.0
Haunted Mansion,11/03/2024 09:30,50.0
Haunted Mansion,11/03/2024 09:35,50.0
Haunted Mansion,11/03/2024 09:40,50.0
Haunted Mansion,11/03/2024 09:45,50.0
Haunted Mansion,11/03/2024 09:50,50.0
Haunted Mansion,11/03/2024 09:55,50.0
Haunted Mansion,11/03/2024 10:00,50.0
Haunted Mansion,11/03/2024 10:05,50.0
Haunted Mansion,11/03/2024 10:10,50.0
Haunted Mansion,11/03/2024 10:15,50.0
Haunted Mansion,11/03/2024 10:20,50.0
Haunted Mansion,11/03/2024 10:25,50.0
Haunted Mansion,11/03/2024 10:30,50.0
Haunted Mansion,11/03/2024 10:35,50.0
Haunted Mansion,11/03/2024 10:40,50.0
Haunted Mansion,11/03/2024 10:45,50.0
Haunted Mansion,11/03/2024 10:50,50.0
Haunted Mansion,11/03/2024 10:55,50.0
Haunted Mansion,11/03/2024 11:00,50.0
Haunted Mansion,11/03/2024 11:05,50.0
Haunted Mansion,11/03/2024 11:10,50.0
Haunted Mansion,11/03/2024 11:15,50.0
Haunted Mansion,11/03/2024 11:20,50.0
Haunted Mansion,11/03/2024 11:25,50.0
Haunted Mansion,11/03/2024 11:30,50.0
Haunted Mansion,11/03/2024 11:35,50.0
Haunted Mansion,11/03/2024 11:40,50.0
Haunted Mansion,11/03/2024 11:45,50.0
Haunted Mansion,11/03/2024 11:50,50.0
Haunted Mansion,11/03/2024 11:55,50.0
Haunted Mansion,11/03/2024 12:00,50.0
Haunted Mansion,11/03/2024 12:05,50.0
Haunted Mansion,11/03/2024 12:10,50.0
Haunted Mansion,11/03/2024 12:15,50.0
Haunted Mansion,11/03/2024 12:20,50.0
Haunted Mansion,11/03/2024 12:25,50.0
Haunted Mansion,11/03/2024 12:30,50.0
Haunted Mansion,11/03/2024 12:35,50.0
Haunted Mansion,11/03/2024 12:40,50.0
Haunted Mansion,11/03/2024 12:45,50.0
Haunted Mansion,11/03/2024 12:50,50.0
Haunted Mansion,11/03/2024 12:55,50.0
Haunted Mansion,11/04/2024 07:00,50.0
Haunted Mansion,11/04/2024 07:05,50.0
Haunted Mansion,11/04/2024 07:10,50.0
Haunted Mansion,11/04/2024 07:15,50.0
Haunted Mansion,11/04/2024 07:20,50.0
Haunted Mansion,11/04/2024 07:25,50.0
Haunted Mansion,11/04/2024 07:30,50.0
Haunted Mansion,11/04/2024 07:35,50.0
Haunted Mansion,11/04/2024 07:40,50.0
Haunted Mansion,11/04/2024 07:45,50.0
Haunted Mansion,11/04/2024 07:50,50.0
Haunted Mansion,11/04/2024 07:55,50.0
Haunted Mansion,11/04/2024 08:00,50.0
Haunted Mansion,11/04/2024 08:05,50.0
Haunted Mansion,11/04/2024 08:10,50.0
Haunted Mansion,11/04/2024 08:15,50.0
Haunted Mansion,11/04/2024 08:20,50.0
Haunted Mansion,11/04/2024 08:25,50.0
Haunted Mansion,11/04/2024 08:30,50.0
Haunted Mansion,11/04/2024 08:35,50.0
Haunted Mansion,11/04/2024 08:40,50.0
Haunted Mansion,11/04/2024 08:45,50.0
Haunted Mansion,11/04/2024 08:50,50.0
Haunted Mansion,11/04/2024 08:55,50.0
Haunted Mansion,11/04/2024 09:00,50.0
Haunted Mansion,11/04/2024 09:05,50.0
Haunted Mansion,11/04/2024 09:10,50.0
Haunted Mansion,11/04/2024 09:15,50.0
Haunted Mansion,11/04/2024 09:20,50.0
Haunted Mansion,11/04/2024 09:25,50.0
Haunted Mansion,11/04/2024 09:30,50.0
Haunted Mansion,11/04/2024 09:35,50.0
Haunted Mansion,11/04/2024 09:40,50.0
Haunted Mansion,11/04/2024 09:45,50.0
Haunted Mansion,11/04/2024 09:50,50.0
Haunted Mansion,11/04/2024 09:55,50.0
Haunted Mansion,11/04/2024 10:00,50.0
Haunted Mansion,11/04/2024 10:05,50.0
Haunted Mansion,11/04/2024 10:10,50.0
Haunted Mansion,11/04/2024 10:15,50.0
Haunted Mansion,11/04/2024 10:20,50.0
Haunted Mansion,11/04/2024 10:25,50.0
Haunted Mansion,11/04/2024 10:30,50.0
Haunted Mansion,11/04/2024 10:35,50.0
Haunted Mansion,11/04/2024 10:40,50.0
Haunted Mansion,11/04/2024 10:45,50.0
Haunted Mansion,11/04/2024 10:50,50.0
Haunted Mansion,11/04/2024 10:55,50.0
Haunted Mansion,11/04/2024 11:00,50.0
Haunted Mansion,11/04/2024 11:05,50.0
Haunted Mansion,11/04/2024 11:10,50.0
Haunted Mansion,11/04/2024 11:15,50.0
Haunted Mansion,11/04/2024 11:20,50.0
Haunted Mansion,11/04/2024 11:25,50.0
Haunted Mansion,11/04/2024 11:30,50.0
Haunted Mansion,11/04/2024 11:35,50.0
Haunted Mansion,11/04/2024 11:40,50.0
Haunted Mansion,11/04/2024 11:45,50.0
Haunted Mansion,11/04/2024 11:50,50.0
Haunted Mansion,11/04/2024 11:55,50.0
Haunted Mansion,11/04/2024 12:00,50.0
Haunted Mansion,11/04/2024 12:05,50.0
Haunted Mansion,11/04/2024 12:10,50.0
Haunted Mansion,11/04/2024 12:15,50.0
Haunted Mansion,11/04/2024 12:20,50.0
Haunted Mansion,11/04/2024 12:25,50.0
Haunted Mansion,11/04/2024 12:30,50.0
Haunted Mansion,11/04/2024 12:35,50.0
Haunted Mansion,11/04/2024 12:40,50.0
Haunted Mansion,11/04/2024 12:45,50.0
Haunted Mansion,11/04/2024 12:50,50.0
Haunted Mansion,11/04/2024 12:55,50.0
Haunted Mansion,11/05/2024 07:00,50.0
Haunted Mansion,11/05/2024 07:05,50.0
Haunted Mansion,11/05/2024 07:10,50.0
Haunted Mansion,11/05/2024 07:15,50.0
Haunted Mansion,11/05/2024 07:20,50.0
Haunted Mansion,11/05/2024 07:25,50.0
Haunted Mansion,11/05/2024 07:30,50.0
Haunted Mansion,11/05/2024 07:35,50.0
Haunted Mansion,11/05/2024 07:40,50.0
Haunted Mansion,11/05/2024 07:45,50.0
Haunted Mansion,11/05/2024 07:50,50.0
Haunted Mansion,11/05/2024 07:55,50.0
Haunted Mansion,11/05/2024 08:00,50.0
Haunted Mansion,11/05/2024 08:05,50.0
Haunted Mansion,11/05/2024 08:10,50.0
Haunted Mansion,11/05/2024 08:15,50.0
Haunted Mansion,11/05/2024 08:20,50.0
Haunted Mansion,11/05/2024 08:25,50.0
Haunted Mansion,11/05/2024 08:30,50.0
Haunted Mansion,11/05/2024 08:35,50.0
Haunted Mansion,11/05/2024 08:40,50.0
Haunted Mansion,11/05/2024 08:45,50.0
Haunted Mansion,11/05/2024 08:50,50.0
Haunted Mansion,11/05/2024 08:55,50.0
Haunted Mansion,11/05/2024 09:00,50.0
Haunted Mansion,11/05/2024 09:05,50.0
Haunted Mansion,11/05/2024 09:10,50.0
Haunted Mansion,11/05/2024 09:15,50.0
Haunted Mansion,11/05/2024 09:20,50.0
Haunted Mansion,11/05/2024 09:25,50.0
Haunted Mansion,11/05/2024 09:30,50.0
Haunted Mansion,11/05/2024 09:35,50.0
Haunted Mansion,11/05/2024 09:40,50.0
Haunted Mansion,11/05/2024 09:45,50.0
Haunted Mansion,11/05/2024 09:50,50.0
Haunted Mansion,11/05/2024 09:55,50.0
Haunted Mansion,11/05/2024 10:00,50.0
Haunted Mansion,11/05/2024 10:05,50.0
Haunted Mansion,11/05/2024 10:10,50.0
Haunted Mansion,11/05/2024 10:15,50.0
Haunted Mansion,11/05/2024 10:20,50.0
Haunted Mansion,11/05/2024 10:25,50.0
Haunted Mansion,11/05/2024 10:30,50.0
Haunted Mansion,11/05/2024 10:35,50.0
Haunted Mansion,11/05/2024 10:40,50.0
Haunted Mansion,11/05/2024 10:45,50.0
Haunted Mansion,11/05/2024 10:50,50.0
Haunted Mansion,11/05/2024 10:55,50.0
Haunted Mansion,11/05/2024 11:00,50.0
Haunted Mansion,11/05/2024 11:05,50.0
Haunted Mansion,11/05/2024 11:10,50.0
Haunted Mansion,11/05/2024 11:15,50.0
Haunted Mansion,11/05/2024 11:20,50.0
Haunted Mansion,11/05/2024 11:25,50.0
Haunted Mansion,11/05/2024 11:30,50.0
Haunted Mansion,11/05/2024 11:35,50.0
Haunted Mansion,11/05/2024 11:40,50.0
Haunted Mansion,11/05/2024 11:45,50.0
Haunted Mansion,11/05/2024 11:50,50.0
Haunted Mansion,11/05/2024 11:55,50.0
Haunted Mansion,11/05/2024 12:00,50.0
Haunted Mansion,11/05/2024 12:05,50.0
Haunted Mansion,11/05/2024 12:10,50.0
Haunted Mansion,11/05/2024 12:15,50.0
Haunted Mansion,11/05/2024 12:20,50.0
Haunted Mansion,11/05/2024 12:25,50.0
Haunted Mansion,11/05/2024 12:30,50.0
Haunted Mansion,11/05/2024 12:35,50.0
Haunted Mansion,11/05/2024 12:40,50.0
Haunted Mansion,11/05/2024 12:45,50.0
Haunted Mansion,11/05/2024 12:50,50.0
Haunted Mansion,11/05/2024 12:55,50.0
Haunted Mansion,11/06/2024 07:00,50.0
Haunted Mansion,11/06/2024 07:05,50.0
Haunted Mansion,11/06/2024 07:10,50.0
Haunted Mansion,11/06/2024 07:15,50.0
Haunted Mansion,11/06/2024 07:20,50.0
Haunted Mansion,11/06/2024 07:25,50.0
Haunted Mansion,11/06/2024 07:30,50.0
Haunted Mansion,11/06/2024 07:35,50.0
Haunted Mansion,11/06/2024 07:40,50.0
Haunted Mansion,11/06/2024 07:45,50.0
Haunted Mansion,11/06/2024 07:50,50.0
Haunted Mansion,11/06/2024 07:55,50.0
Haunted Mansion,11/06/2024 08:00,50.0
Haunted Mansion,11/06/2024 08:05,50.0
Haunted Mansion,11/06/2024 08:10,50.0
Haunted Mansion,11/06/2024 08:15,50.0
Haunted Mansion,11/06/2024 08:20,50.0
Haunted Mansion,11/06/2024 08:25,50.0
Haunted Mansion,11/06/2024 08:30,50.0
Haunted Mansion,11/06/2024 08:35,50.0
Haunted Mansion,11/06/2024 08:40,50.0
Haunted Mansion,11/06/2024 08:45,50.0
Haunted Mansion,11/06/2024 08:50,50.0
Haunted Mansion,11/06/2024 08:55,50.0
Haunted Mansion,11/06/2024 09:00,50.0
Haunted Mansion,11/06/2024 09:05,50.0
Haunted Mansion,11/06/2024 09:10,50.0
Haunted Mansion,11/06/2024 09:15,50.0
Haunted Mansion,11/06/2024 09:20,50.0
Haunted Mansion,11/06/2024 09:25,50.0
Haunted Mansion,11/06/2024 09:30,50.0
Haunted Mansion,11/06/2024 09:35,50.0
Haunted Mansion,11/06/2024 09:40,50.0
Haunted Mansion,11/06/2024 09:45,50.0
Haunted Mansion,11/06/2024 09:50,50.0
Haunted Mansion,11/06/2024 09:55,50.0
Haunted Mansion,11/06/2024 10:00,50.0
Haunted Mansion,11/06/2024 10:05,50.0
Haunted Mansion,11/06/2024 10:10,50.0
Haunted Mansion,11/06/2024 10:15,50.0
Haunted Mansion,11/06/2024 10:20,50.0
Haunted Mansion,11/06/2024 10:25,50.0
Haunted Mansion,11/06/2024 10:30,50.0
Haunted Mansion,11/06/2024 10:35,50.0
Haunted Mansion,11/06/2024 10:40,50.0
Haunted Mansion,11/06/2024 10:45,50.0
Haunted Mansion,11/06/2024 10:50,50.0
Haunted Mansion,11/06/2024 10:55,50.0
Haunted Mansion,11/06/2024 11:00,50.0
Haunted Mansion,11/06/2024 11:05,50.0
Haunted Mansion,11/06/2024 11:10,50.0
Haunted Mansion,11/06/2024 11:15,50.0
Haunted Mansion,11/06/2024 11:20,50.0
Haunted Mansion,11/06/2024 11:25,50.0
Haunted Mansion,11/06/2024 11:30,50.0
Haunted Mansion,11/06/2024 11:35,50.0
Haunted Mansion,11/06/2024 11:40,50.0
Haunted Mansion,11/06/2024 11:45,50.0
Haunted Mansion,11/06/2024 11:50,50.0
Haunted Mansion,11/06/2024 11:55,50.0
Haunted Mansion,11/06/2024 12:00,50.0
Haunted Mansion,11/06/2024 12:05,50.0
Haunted Mansion,11/06/2024 12:10,50.0
Haunted Mansion,11/06/2024 12:15,50.0
Haunted Mansion,11/06/2024 12:20,50.0
Haunted Mansion,11/06/2024 12:25,50.0
Haunted Mansion,11/06/2024 12:30,50.0
Haunted Mansion,11/06/2024 12:35,50.0
Haunted Mansion,11/06/2024 12:40,50.0
Haunted Mansion,11/06/2024 12:45,50.0
Haunted Mansion,11/06/2024 12:50,50.0
Haunted Mansion,11/06/2024 12:55,50.0
Haunted Mansion,11/07/2024 07:00,50.0
Haunted Mansion,11/07/2024 07:05,50.0
Haunted Mansion,11/07/2024 07:10,50.0
Haunted Mansion,11/07/2024 07:15,50.0
Haunted Mansion,11/07/2024 07:20,50.0
Haunted Mansion,11/07/2024 07:25,50.0
Haunted Mansion,11/07/2024 07:30,50.0
Haunted Mansion,11/07/2024 07:35,50.0
Haunted Mansion,11/07/2024 07:40,50.0
Haunted Mansion,11/07/2024 07:45,50.0
Haunted Mansion,11/07/2024 07:50,50.0
Haunted Mansion,11/07/2024 07:55,50.0
Haunted Mansion,11/07/2024 08:00,50.0
Haunted Mansion,11/07/2024 08:05,50.0
Haunted Mansion,11/07/2024 08:10,50.0
Haunted Mansion,11/07/2024 08:15,50.0
Haunted Mansion,11/07/2024 08:20,50.0
Haunted Mansion,11/07/2024 08:25,50.0
Haunted Mansion,11/07/2024 08:30,50.0
Haunted Mansion,11/07/2024 08:35,50.0
Haunted Mansion,11/07/2024 08:40,50.0
Haunted Mansion,11/07/2024 08:45,50.0
Haunted Mansion,11/07/2024 08:50,50.0
Haunted Mansion,11/07/2024 08:55,50.0
Haunted Mansion,11/07/2024 09:00,50.0
Haunted Mansion,11/07/2024 09:05,50.0
Haunted Mansion,11/07/2024 09:10,50.0
Haunted Mansion,11/07/2024 09:15,50.0
Haunted Mansion,11/07/2024 09:20,50.0
Haunted Mansion,11/07/2024 09:25,50.0
Haunted Mansion,11/07/2024 09:30,50.0
Haunted Mansion,11/07/2024 09:35,50.0
Haunted Mansion,11/07/2024 09:40,50.0
Haunted Mansion,11/07/2024 09:45,50.0
Haunted Mansion,11/07/2024 09:50,50.0
Haunted Mansion,11/07/2024 09:55,50.0
Haunted Mansion,11/07/2024 10:00,50.0
Haunted Mansion,11/07/2024 10:05,50.0
Haunted Mansion,11/07/2024 10:10,50.0
Haunted Mansion,11/07/2024 10:15,50.0
Haunted Mansion,11/07/2024 10:20,50.0
Haunted Mansion,11/07/2024 10:25,50.0
Haunted Mansion,11/07/2024 10:30,50.0
Haunted Mansion,11/07/2024 10:35,50.0
Haunted Mansion,11/07/2024 10:40,50.0
Haunted Mansion,11/07/2024 10:45,50.0
Haunted Mansion,11/07/2024 10:50,50.0
Haunted Mansion,11/07/2024 10:55,50.0
Haunted Mansion,11/07/2024 11:00,50.0
Haunted Mansion,11/07/2024 11:05,50.0
Haunted Mansion,11/07/2024 11:10,50.0
Haunted Mansion,11/07/2024 11:15,50.0
Haunted Mansion,11/07/2024 11:20,50.0
Haunted Mansion,11/07/2024 11:25,50.0
Haunted Mansion,11/07/2024 11:30,50.0
Haunted Mansion,11/07/2024 11:35,50.0
Haunted Mansion,11/07/2024 11:40,50.0
Haunted Mansion,11/07/2024 11:45,50.0
Haunted Mansion,11/07/2024 11:50,50.0
Haunted Mansion,11/07/2024 11:55,50.0
Haunted Mansion,11/07/2024 12:00,50.0
Haunted Mansion,11/07/2024 12:05,50.0
Haunted Mansion,11/07/2024 12:10,50.0
Haunted Mansion,11/07/2024 12:15,50.0
Haunted Mansion,11/07/2024 12:20,50.0
Haunted Mansion,11/07/2024 12:25,50.0
Haunted Mansion,11/07/2024 12:30,50.0
Haunted Mansion,11/07/2024 12:35,50.0
Haunted Mansion,11/07/2024 12:40,50.0
Haunted Mansion,11/07/2024 12:45,50.0
Haunted Mansion,11/07/2024 12:50,50.0
Haunted Mansion,11/07/2024 12:55,50.0
Haunted Mansion,11/08/2024 07:00,50.0
Haunted Mansion,11/08/2024 07:05,50.0
Haunted Mansion,11/08/2024 07:10,50.0
Haunted Mansion,11/08/2024 07:15,50.0
Haunted Mansion,11/08/2024 07:20,50.0
Haunted Mansion,11/08/2024 07:25,50.0
Haunted Mansion,11/08/2024 07:30,50.0
Haunted Mansion,11/08/2024 07:35,50.0
Haunted Mansion,11/08/2024 07:40,50.0
Haunted Mansion,11/08/2024 07:45,50.0
Haunted Mansion,11/08/2024 07:50,50.0
Haunted Mansion,11/08/2024 07:55,50.0
Haunted Mansion,11/08/2024 08:00,50.0
Haunted Mansion,11/08/2024 08:05,50.0
Haunted Mansion,11/08/2024 08:10,50.0
Haunted Mansion,11/08/2024 08:15,50.0
Haunted Mansion,11/08/2024 08:20,50.0
Haunted Mansion,11/08/2024 08:25,50.0
Haunted Mansion,11/08/2024 08:30,50.0
Haunted Mansion,11/08/2024 08:35,50.0
Haunted Mansion,11/08/2024 08:40,50.0
Haunted Mansion,11/08/2024 08:45,50.0
Haunted Mansion,11/08/2024 08:50,50.0
Haunted Mansion,11/08/2024 08:55,50.0
Haunted Mansion,11/08/2024 09:00,50.0
Haunted Mansion,11/08/2024 09:05,50.0
Haunted Mansion,11/08/2024 09:10,50.0
Haunted Mansion,11/08/2024 09:15,50.0
Haunted Mansion,11/08/2024 09:20,50.0
Haunted Mansion,11/08/2024 09:25,50.0
Haunted Mansion,11/08/2024 09:30,50.0
Haunted Mansion,11/08/2024 09:35,50.0
Haunted Mansion,11/08/2024 09:40,50.0
Haunted Mansion,11/08/2024 09:45,50.0
Haunted Mansion,11/08/2024 09:50,50.0
Haunted Mansion,11/08/2024 09:55,50.0
Haunted Mansion,11/08/2024 10:00,50.0
Haunted Mansion,11/08/2024 10:05,50.0
Haunted Mansion,11/08/2024 10:10,50.0
Haunted Mansion,11/08/2024 10:15,50.0
Haunted Mansion,11/08/2024 10:20,50.0
Haunted Mansion,11/08/2024 10:25,50.0
Haunted Mansion,11/08/2024 10:30,50.0
Haunted Mansion,11/08/2024 10:35,50.0
Haunted Mansion,11/08/2024 10:40,50.0
Haunted Mansion,11/08/2024 10:45,50.0
Haunted Mansion,11/08/2024 10:50,50.0
Haunted Mansion,11/08/2024 10:55,50.0
Haunted Mansion,11/08/2024 11:00,50.0
Haunted Mansion,11/08/2024 11:05,50.0
Haunted Mansion,11/08/2024 11:10,50.0
Haunted Mansion,11/08/2024 11:15,50.0
Haunted Mansion,11/08/2024 11:20,50.0
Haunted Mansion,11/08/2024 11:25,50.0
Haunted Mansion,11/08/2024 11:30,50.0
Haunted Mansion,11/08/2024 11:35,50.0
Haunted Mansion,11/08/2024 11:40,50.0
Haunted Mansion,11/08/2024 11:45,50.0
Haunted Mansion,11/08/2024 11:50,50.0
Haunted Mansion,11/08/2024 11:55,50.0
Haunted Mansion,11/08/2024 12:00,50.0
Haunted Mansion,11/08/2024 12:05,50.0
Haunted Mansion,11/08/2024 12:10,50.0
Haunted Mansion,11/08/2024 12:15,50.0
Haunted Mansion,11/08/2024 12:20,50.0
Haunted Mansion,11/08/2024 12:25,50.0
Haunted Mansion,11/08/2024 12:30,50.0
Haunted Mansion,11/08/2024 12:35,50.0
Haunted Mansion,11/08/2024 12:40,50.0
Haunted Mansion,11/08/2024 12:45,50.0
Haunted Mansion,11/08/2024 12:50,50.0
Haunted Mansion,11/08/2024 12:55,50.0
Haunted Mansion,11/09/2024 07:00,50.0
Haunted Mansion,11/09/2024 07:05,50.0
Haunted Mansion,11/09/2024 07:10,50.0
Haunted Mansion,11/09/2024 07:15,50.0
Haunted Mansion,11/09/2024 07:20,50.0
Haunted Mansion,11/09/2024 07:25,50.0
Haunted Mansion,11/09/2024 07:30,50.0
Haunted Mansion,11/09/2024 07:35,50.0
Haunted Mansion,11/09/2024 07:40,50.0
Haunted Mansion,11/09/2024 07:45,50.0
Haunted Mansion,11/09/2024 07:50,50.0
Haunted Mansion,11/09/2024 07:55,50.0
Haunted Mansion,11/09/2024 08:00,50.0
Haunted Mansion,11/09/2024 08:05,50.0
Haunted Mansion,11/09/2024 08:10,50.0
Haunted Mansion,11/09/2024 08:15,50.0
Haunted Mansion,11/09/2024 08:20,50.0
Haunted Mansion,11/09/2024 08:25,50.0
Haunted Mansion,11/09/2024 08:30,50.0
Haunted Mansion,11/09/2024 08:35,50.0
Haunted Mansion,11/09/2024 08:40,50.0
Haunted Mansion,11/09/2024 08:45,50.0
Haunted Mansion,11/09/2024 08:50,50.0
Haunted Mansion,11/09/2024 08:55,50.0
Haunted Mansion,11/09/2024 09:00,50.0
Haunted Mansion,11/09/2024 09:05,50.0
Haunted Mansion,11/09/2024 09:10,50.0
Haunted Mansion,11/09/2024 09:15,50.0
Haunted Mansion,11/09/2024 09:20,50.0
Haunted Mansion,11/09/2024 09:25,50.0
Haunted Mansion,11/09/2024 09:30,50.0
Haunted Mansion,11/09/2024 09:35,50.0
Haunted Mansion,11/09/2024 09:40,50.0
Haunted Mansion,11/09/2024 09:45,50.0
Haunted Mansion,11/09/2024 09:50,50.0
Haunted Mansion,11/09/2024 09:55,50.0
Haunted Mansion,11/09/2024 10:00,50.0
Haunted Mansion,11/09/2024 10:05,50.0
Haunted Mansion,11/09/2024 10:10,50.0
Haunted Mansion,11/09/2024 10:15,50.0
Haunted Mansion,11/09/2024 10:20,50.0
Haunted Mansion,11/09/2024 10:25,50.0
Haunted Mansion,11/09/2024 10:30,50.0
Haunted Mansion,11/09/2024 10:35,50.0
Haunted Mansion,11/09/2024 10:40,50.0
Haunted Mansion,11/09/2024 10:45,50.0
Haunted Mansion,11/09/2024 10:50,50.0
Haunted Mansion,11/09/2024 10:55,50.0
Haunted Mansion,11/09/2024 11:00,50.0
Haunted Mansion,11/09/2024 11:05,50.0
Haunted Mansion,11/09/2024 11:10,50.0
Haunted Mansion,11/09/2024 11:15,50.0
Haunted Mansion,11/09/2024 11:20,50.0
Haunted Mansion,11/09/2024 11:25,50.0
Haunted Mansion,11/09/2024 11:30,50.0
Haunted Mansion,11/09/2024 11:35,50.0
Haunted Mansion,11/09/2024 11:40,50.0
Haunted Mansion,11/09/2024 11:45,50.0
Haunted Mansion,11/09/2024 11:50,50.0
Haunted Mansion,11/09/2024 11:55,50.0
Haunted Mansion,11/09/2024 12:00,50.0
Haunted Mansion,11/09/2024 12:05,50.0
Haunted Mansion,11/09/2024 12:10,50.0
Haunted Mansion,11/09/2024 12:15,50.0
Haunted Mansion,11/09/2024 12:20,50.0
Haunted Mansion,11/09/2024 12:25,50.0
Haunted Mansion,11/09/2024 12:30,50.0
Haunted Mansion,11/09/2024 12:35,50.0
Haunted Mansion,11/09/2024 12:40,50.0
Haunted Mansion,11/09/2024 12:45,50.0
Haunted Mansion,11/09/2024 12:50,50.0
Haunted Mansion,11/09/2024 12:55,50.0
Haunted Mansion,11/10/2024 07:00,50.0
Haunted Mansion,11/10/2024 07:05,50.0
Haunted Mansion,11/10/2024 07:10,50.0
Haunted Mansion,11/10/2024 07:15,50.0
Haunted Mansion,11/10/2024 07:20,50.0
Haunted Mansion,11/10/2024 07:25,50.0
Haunted Mansion,11/10/2024 07:30,50.0
Haunted Mansion,11/10/2024 07:35,50.0
Haunted Mansion,11/10/2024 07:40,50.0
Haunted Mansion,11/10/2024 07:45,50.0
Haunted Mansion,11/10/2024 07:50,50.0
Haunted Mansion,11/10/2024 07:55,50.0
Haunted Mansion,11/10/2024 08:00,50.0
Haunted Mansion,11/10/2024 08:05,50.0
Haunted Mansion,11/10/2024 08:10,50.0
Haunted Mansion,11/10/2024 08:15,50.0
Haunted Mansion,11/10/2024 08:20,50.0
Haunted Mansion,11/10/2024 08:25,50.0
Haunted Mansion,11/10/2024 08:30,50.0
Haunted Mansion,11/10/2024 08:35,50.0
Haunted Mansion,11/10/2024 08:40,50.0
Haunted Mansion,11/10/2024 08:45,50.0
Haunted Mansion,11/10/2024 08:50,50.0
Haunted Mansion,11/10/2024 08:55,50.0
Haunted Mansion,11/10/2024 09:00,50.0
Haunted Mansion,11/10/2024 09:05,50.0
Haunted Mansion,11/10/2024 09:10,50.0
Haunted Mansion,11/10/2024 09:15,50.0
Haunted Mansion,11/10/2024 09:20,50.0
Haunted Mansion,11/10/2024 09:25,50.0
Haunted Mansion,11/10/2024 09:30,50.0
Haunted Mansion,11/10/2024 09:35,50.0
Haunted Mansion,11/10/2024 09:40,50.0
Haunted Mansion,11/10/2024 09:45,50.0
Haunted Mansion,11/10/2024 09:50,50.0
Haunted Mansion,11/10/2024 09:55,50.0
Haunted Mansion,11/10/2024 10:00,50.0
Haunted Mansion,11/10/2024 10:05,50.0
Haunted Mansion,11/10/2024 10:10,50.0
Haunted Mansion,11/10/2024 10:15,50.0
Haunted Mansion,11/10/2024 10:20,50.0
Haunted Mansion,11/10/2024 10:25,50.0
Haunted Mansion,11/10/2024 10:30,50.0
Haunted Mansion,11/10/2024 10:35,50.0
Haunted Mansion,11/10/2024 10:40,50.0
Haunted Mansion,11/10/2024 10:45,50.0
Haunted Mansion,11/10/2024 10:50,50.0
Haunted Mansion,11/10/2024 10:55,50.0
Haunted Mansion,11/10/2024 11:00,50.0
Haunted Mansion,11/10/2024 11:05,50.0
Haunted Mansion,11/10/2024 11:10,50.0
Haunted Mansion,11/10/2024 11:15,50.0
Haunted Mansion,11/10/2024 11:20,50.0
Haunted Mansion,11/10/2024 11:25,50.0
Haunted Mansion,11/10/2024 11:30,50.0
Haunted Mansion,11/10/2024 11:35,50.0
Haunted Mansion,11/10/2024 11:40,50.0
Haunted Mansion,11/10/2024 11:45,50.0
Haunted Mansion,11/10/2024 11:50,50.0
Haunted Mansion,11/10/2024 11:55,50.0
Haunted Mansion,11/10/2024 12:00,50.0
Haunted Mansion,11/10/2024 12:05,50.0
Haunted Mansion,11/10/2024 12:10,50.0
Haunted Mansion,11/10/2024 12:15,50.0
Haunted Mansion,11/10/2024 12:20,50.0
Haunted Mansion,11/10/2024 12:25,50.0
Haunted Mansion,11/10/2024 12:30,50.0
Haunted Mansion,11/10/2024 12:35,50.0
Haunted Mansion,11/10/2024 12:40,50.0
Haunted Mansion,11/10/2024 12:45,50.0
Haunted Mansion,11/10/2024 12:50,50.0
Haunted Mansion,11/10/2024 12:55,50.0
Haunted Mansion,11/11/2024 07:00,50.0
Haunted Mansion,11/11/2024 07:05,50.0
Haunted Mansion,11/11/2024 07:10,50.0
Haunted Mansion,11/11/2024 07:15,50.0
Haunted Mansion,11/11/2024 07:20,50.0
Haunted Mansion,11/11/2024 07:25,50.0
Haunted Mansion,11/11/2024 07:30,50.0
Haunted Mansion,11/11/2024 07:35,50.0
Haunted Mansion,11/11/2024 07:40,50.0
Haunted Mansion,11/11/2024 07:45,50.0
Haunted Mansion,11/11/2024 07:50,50.0
Haunted Mansion,11/11/2024 07:55,50.0
Haunted Mansion,11/11/2024 08:00,50.0
Haunted Mansion,11/11/2024 08:05,50.0
Haunted Mansion,11/11/2024 08:10,50.0
Haunted Mansion,11/11/2024 08:15,50.0
Haunted Mansion,11/11/2024 08:20,50.0
Haunted Mansion,11/11/2024 08:25,50.0
Haunted Mansion,11/11/2024 08:30,50.0
Haunted Mansion,11/11/2024 08:35,50.0
Haunted Mansion,11/11/2024 08:40,50.0
Haunted Mansion,11/11/2024 08:45,50.0
Haunted Mansion,11/11/2024 08:50,50.0
Haunted Mansion,11/11/2024 08:55,50.0
Haunted Mansion,11/11/2024 09:00,50.0
Haunted Mansion,11/11/2024 09:05,50.0
Haunted Mansion,11/11/2024 09:10,50.0
Haunted Mansion,11/11/2024 09:15,50.0
Haunted Mansion,11/11/2024 09:20,50.0
Haunted Mansion,11/11/2024 09:25,50.0
Haunted Mansion,11/11/2024 09:30,50.0
Haunted Mansion,11/11/2024 09:35,50.0
Haunted Mansion,11/11/2024 09:40,50.0
Haunted Mansion,11/11/2024 09:45,50.0
Haunted Mansion,11/11/2024 09:50,50.0
Haunted Mansion,11/11/2024 09:55,50.0
Haunted Mansion,11/11/2024 10:00,50.0
Haunted Mansion,11/11/2024 10:05,50.0
Haunted Mansion,11/11/2024 10:10,50.0
Haunted Mansion,11/11/2024 10:15,50.0
Haunted Mansion,11/11/2024 10:20,50.0
Haunted Mansion,11/11/2024 10:25,50.0
Haunted Mansion,11/11/2024 10:30,50.0
Haunted Mansion,11/11/2024 10:35,50.0
Haunted Mansion,11/11/2024 10:40,50.0
Haunted Mansion,11/11/2024 10:45,50.0
Haunted Mansion,11/11/2024 10:50,50.0
Haunted Mansion,11/11/2024 10:55,50.0
Haunted Mansion,11/11/2024 11:00,50.0
Haunted Mansion,11/11/2024 11:05,50.0
Haunted Mansion,11/11/2024 11:10,50.0
Haunted Mansion,11/11/2024 11:15,50.0
Haunted Mansion,11/11/2024 11:20,50.0
Haunted Mansion,11/11/2024 11:25,50.0
Haunted Mansion,11/11/2024 11:30,50.0
Haunted Mansion,11/11/2024 11:35,50.0
Haunted Mansion,11/11/2024 11:40,50.0
Haunted Mansion,11/11/2024 11:45,50.0
Haunted Mansion,11/11/2024 11:50,50.0
Haunted Mansion,11/11/2024 11:55,50.0
Haunted Mansion,11/11/2024 12:00,50.0
Haunted Mansion,11/11/2024 12:05,50.0
Haunted Mansion,11/11/2024 12:10,50.0
Haunted Mansion,11/11/2024 12:15,50.0
Haunted Mansion,11/11/2024 12:20,50.0
Haunted Mansion,11/11/2024 12:25,50.0
Haunted Mansion,11/11/2024 12:30,50.0
Haunted Mansion,11/11/2024 12:35,50.0
Haunted Mansion,11/11/2024 12:40,50.0
Haunted Mansion,11/11/2024 12:45,50.0
Haunted Mansion,11/11/2024 12:50,50.0
Haunted Mansion,11/11/2024 12:55,50.0
Haunted Mansion,11/12/2024 07:00,50.0
Haunted Mansion,11/12/2024 07:05,50.0
Haunted Mansion,11/12/2024 07:10,50.0
Haunted Mansion,11/12/2024 07:15,50.0
Haunted Mansion,11/12/2024 07:20,50.0
Haunted Mansion,11/12/2024 07:25,50.0
Haunted Mansion,11/12/2024 07:30,50.0
Haunted Mansion,11/12/2024 07:35,50.0
Haunted Mansion,11/12/2024 07:40,50.0
Haunted Mansion,11/12/2024 07:45,50.0
Haunted Mansion,11/12/2024 07:50,50.0
Haunted Mansion,11/12/2024 07:55,50.0
Haunted Mansion,11/12/2024 08:00,50.0
Haunted Mansion,11/12/2024 08:05,50.0
Haunted Mansion,11/12/2024 08:10,50.0
Haunted Mansion,11/12/2024 08:15,50.0
Haunted Mansion,11/12/2024 08:20,50.0
Haunted Mansion,11/12/2024 08:25,50.0
Haunted Mansion,11/12/2024 08:30,50.0
Haunted Mansion,11/12/2024 08:35,50.0
Haunted Mansion,11/12/2024 08:40,50.0
Haunted Mansion,11/12/2024 08:45,50.0
Haunted Mansion,11/12/2024 08:50,50.0
Haunted Mansion,11/12/2024 08:55,50.0
Haunted Mansion,11/12/2024 09:00,50.0
Haunted Mansion,11/12/2024 09:05,50.0
Haunted Mansion,11/12/2024 09:10,50.0
Haunted Mansion,11/12/2024 09:15,50.0
Haunted Mansion,11/12/2024 09:20,50.0
Haunted Mansion,11/12/2024 09:25,50.0
Haunted Mansion,11/12/2024 09:30,50.0
Haunted Mansion,11/12/2024 09:35,50.0
Haunted Mansion,11/12/2024 09:40,50.0
Haunted Mansion,11/12/2024 09:45,50.0
Haunted Mansion,11/12/2024 09:50,50.0
Haunted Mansion,11/12/2024 09:55,50.0
Haunted Mansion,11/12/2024 10:00,50.0
Haunted Mansion,11/12/2024 10:05,50.0
Haunted Mansion,11/12/2024 10:10,50.0
Haunted Mansion,11/12/2024 10:15,50.0
Haunted Mansion,11/12/2024 10:20,50.0
Haunted Mansion,11/12/2024 10:25,50.0
Haunted Mansion,11/12/2024 10:30,50.0
Haunted Mansion,11/12/2024 10:35,50.0
Haunted Mansion,11/12/2024 10:40,50.0
Haunted Mansion,11/12/2024 10:45,50.0
Haunted Mansion,11/12/2024 10:50,50.0
Haunted Mansion,11/12/2024 10:55,50.0
Haunted Mansion,11/12/2024 11:00,50.0
Haunted Mansion,11/12/2024 11:05,50.0
Haunted Mansion,11/12/2024 11:10,50.0
Haunted Mansion,11/12/2024 11:15,50.0
Haunted Mansion,11/12/2024 11:20,50.0
Haunted Mansion,11/12/2024 11:25,50.0
Haunted Mansion,11/12/2024 11:30,50.0
Haunted Mansion,11/12/2024 11:35,50.0
Haunted Mansion,11/12/2024 11:40,50.0
Haunted Mansion,11/12/2024 11:45,50.0
Haunted Mansion,11/12/2024 11:50,50.0
Haunted Mansion,11/12/2024 11:55,50.0
Haunted Mansion,11/12/2024 12:00,50.0
Haunted Mansion,11/12/2024 12:05,50.0
Haunted Mansion,11/12/2024 12:10,50.0
Haunted Mansion,11/12/2024 12:15,50.0
Haunted Mansion,11/12/2024 12:20,50.0
Haunted Mansion,11/12/2024 12:25,50.0
Haunted Mansion,11/12/2024 12:30,50.0
Haunted Mansion,11/12/2024 12:35,50.0
Haunted Mansion,11/12/2024 12:40,50.0
Haunted Mansion,11/12/2024 12:45,50.0
Haunted Mansion,11/12/2024 12:50,50.0
Haunted Mansion,11/12/2024 12:55,50.0
Haunted Mansion,11/13/2024 07:00,50.0
Haunted Mansion,11/13/2024 07:05,50.0
Haunted Mansion,11/13/2024 07:10,50.0
Haunted Mansion,11/13/2024 07:15,50.0
Haunted Mansion,11/13/2024 07:20,50.0
Haunted Mansion,11/13/2024 07:25,50.0
Haunted Mansion,11/13/2024 07:30,50.0
Haunted Mansion,11/13/2024 07:35,50.0
Haunted Mansion,11/13/2024 07:40,50.0
Haunted Mansion,11/13/2024 07:45,50.0
Haunted Mansion,11/13/2024 07:50,50.0
Haunted Mansion,11/13/2024 07:55,50.0
Haunted Mansion,11/13/2024 08:00,50.0
Haunted Mansion,11/13/2024 08:05,50.0
Haunted Mansion,11/13/2024 08:10,50.0
Haunted Mansion,11/13/2024 08:15,50.0
Haunted Mansion,11/13/2024 08:20,50.0
Haunted Mansion,11/13/2024 08:25,50.0
Haunted Mansion,11/13/2024 08:30,50.0
Haunted Mansion,11/13/2024 08:35,50.0
Haunted Mansion,11/13/2024 08:40,50.0
Haunted Mansion,11/13/2024 08:45,50.0
Haunted Mansion,11/13/2024 08:50,50.0
Haunted Mansion,11/13/2024 08:55,50.0
Haunted Mansion,11/13/2024 09:00,50.0
Haunted Mansion,11/13/2024 09:05,50.0
Haunted Mansion,11/13/2024 09:10,50.0
Haunted Mansion,11/13/2024 09:15,50.0
Haunted Mansion,11/13/2024 09:20,50.0
Haunted Mansion,11/13/2024 09:25,50.0
Haunted Mansion,11/13/2024 09:30,50.0
Haunted Mansion,11/13/2024 09:35,50.0
Haunted Mansion,11/13/2024 09:40,50.0
Haunted Mansion,11/13/2024 09:45,50.0
Haunted Mansion,11/13/2024 09:50,50.0
Haunted Mansion,11/13/2024 09:55,50.0
Haunted Mansion,11/13/2024 10:00,50.0
Haunted Mansion,11/13/2024 10:05,50.0
Haunted Mansion,11/13/2024 10:10,50.0
Haunted Mansion,11/13/2024 10:15,50.0
Haunted Mansion,11/13/2024 10:20,50.0
Haunted Mansion,11/13/2024 10:25,50.0
Haunted Mansion,11/13/2024 10:30,50.0
Haunted Mansion,11/13/2024 10:35,50.0
Haunted Mansion,11/13/2024 10:40,50.0
Haunted Mansion,11/13/2024 10:45,50.0
Haunted Mansion,11/13/2024 10:50,50.0
Haunted Mansion,11/13/2024 10:55,50.0
Haunted Mansion,11/13/2024 11:00,50.0
Haunted Mansion,11/13/2024 11:05,50.0
Haunted Mansion,11/13/2024 11:10,50.0
Haunted Mansion,11/13/2024 11:15,50.0
Haunted Mansion,11/13/2024 11:20,50.0
Haunted Mansion,11/13/2024 11:25,50.0
Haunted Mansion,11/13/2024 11:30,50.0
Haunted Mansion,11/13/2024 11:35,50.0
Haunted Mansion,11/13/2024 11:40,50.0
Haunted Mansion,11/13/2024 11:45,50.0
Haunted Mansion,11/13/2024 11:50,50.0
Haunted Mansion,11/13/2024 11:55,50.0
Haunted Mansion,11/13/2024 12:00,50.0
Haunted Mansion,11/13/2024 12:05,50.0
Haunted Mansion,11/13/2024 12:10,50.0
Haunted Mansion,11/13/2024 12:15,50.0
Haunted Mansion,11/13/2024 12:20,50.0
Haunted Mansion,11/13/2024 12:25,50.0
Haunted Mansion,11/13/2024 12:30,50.0
Haunted Mansion,11/13/2024 12:35,50.0
Haunted Mansion,11/13/2024 12:40,50.0
Haunted Mansion,11/13/2024 12:45,50.0
Haunted Mansion,11/13/2024 12:50,50.0
Haunted Mansion,11/13/2024 12:55,50.0
Haunted Mansion,11/14/2024 07:00,50.0
Haunted Mansion,11/14/2024 07:05,50.0
Haunted Mansion,11/14/2024 07:10,50.0
Haunted Mansion,11/14/2024 07:15,50.0
Haunted Mansion,11/14/2024 07:20,50.0
Haunted Mansion,11/14/2024 07:25,50.0
Haunted Mansion,11/14/2024 07:30,50.0
Haunted Mansion,11/14/2024 07:35,50.0
Haunted Mansion,11/14/2024 07:40,50.0
Haunted Mansion,11/14/2024 07:45,50.0
Haunted Mansion,11/14/2024 07:50,50.0
Haunted Mansion,11/14/2024 07:55,50.0
Haunted Mansion,11/14/2024 08:00,50.0
Haunted Mansion,11/14/2024 08:05,50.0
Haunted Mansion,11/14/2024 08:10,50.0
Haunted Mansion,11/14/2024 08:15,50.0
Haunted Mansion,11/14/2024 08:20,50.0
Haunted Mansion,11/14/2024 08:25,50.0
Haunted Mansion,11/14/2024 08:30,50.0
Haunted Mansion,11/14/2024 08:35,50.0
Haunted Mansion,11/14/2024 08:40,50.0
Haunted Mansion,11/14/2024 08:45,50.0
Haunted Mansion,11/14/2024 08:50,50.0
Haunted Mansion,11/14/2024 08:55,50.0
Haunted Mansion,11/14/2024 09:00,50.0
Haunted Mansion,11/14/2024 09:05,50.0
Haunted Mansion,11/14/2024 09:10,50.0
Haunted Mansion,11/14/2024 09:15,50.0
Haunted Mansion,11/14/2024 09:20,50.0
Haunted Mansion,11/14/2024 09:25,50.0
Haunted Mansion,11/14/2024 09:30,50.0
Haunted Mansion,11/14/2024 09:35,50.0
Haunted Mansion,11/14/2024 09:40,50.0
Haunted Mansion,11/14/2024 09:45,50.0
Haunted Mansion,11/14/2024 09:50,50.0
Haunted Mansion,11/14/2024 09:55,50.0
Haunted Mansion,11/14/2024 10:00,50.0
Haunted Mansion,11/14/2024 10:05,50.0
Haunted Mansion,11/14/2024 10:10,50.0
Haunted Mansion,11/14/2024 10:15,50.0
Haunted Mansion,11/14/2024 10:20,50.0
Haunted Mansion,11/14/2024 10:25,50.0
Haunted Mansion,11/14/2024 10:30,50.0
Haunted Mansion,11/14/2024 10:35,50.0
Haunted Mansion,11/14/2024 10:40,50.0
Haunted Mansion,11/14/2024 10:45,50.0
Haunted Mansion,11/14/2024 10:50,50.0
Haunted Mansion,11/14/2024 10:55,50.0
Haunted Mansion,11/14/2024 11:00,50.0
Haunted Mansion,11/14/2024 11:05,50.0
Haunted Mansion,11/14/2024 11:10,50.0
Haunted Mansion,11/14/2024 11:15,50.0
Haunted Mansion,11/14/2024 11:20,50.0
Haunted Mansion,11/14/2024 11:25,50.0
Haunted Mansion,11/14/2024 11:30,50.0
Haunted Mansion,11/14/2024 11:35,50.0
Haunted Mansion,11/14/2024 11:40,50.0
Haunted Mansion,11/14/2024 11:45,50.0
Haunted Mansion,11/14/2024 11:50,50.0
Haunted Mansion,11/14/2024 11:55,50.0
Haunted Mansion,11/14/2024 12:00,50.0
Haunted Mansion,11/14/2024 12:05,50.0
Haunted Mansion,11/14/2024 12:10,50.0
Haunted Mansion,11/14/2024 12:15,50.0
Haunted Mansion,11/14/2024 12:20,50.0
Haunted Mansion,11/14/2024 12:25,50.0
Haunted Mansion,11/14/2024 12:30,50.0
Haunted Mansion,11/14/2024 12:35,50.0
Haunted Mansion,11/14/2024 12:40,50.0
Haunted Mansion,11/14/2024 12:45,50.0
Haunted Mansion,11/14/2024 12:50,50.0
Haunted Mansion,11/14/2024 12:55,50.0
Haunted Mansion,11/15/2024 07:00,50.0
Haunted Mansion,11/15/2024 07:05,50.0
Haunted Mansion,11/15/2024 07:10,50.0
Haunted Mansion,11/15/2024 07:15,50.0
Haunted Mansion,11/15/2024 07:20,50.0
Haunted Mansion,11/15/2024 07:25,50.0
Haunted Mansion,11/15/2024 07:30,50.0
Haunted Mansion,11/15/2024 07:35,50.0
Haunted Mansion,11/15/2024 07:40,50.0
Haunted Mansion,11/15/2024 07:45,50.0
Haunted Mansion,11/15/2024 07:50,50.0
Haunted Mansion,11/15/2024 07:55,50.0
Haunted Mansion,11/15/2024 08:00,50.0
Haunted Mansion,11/15/2024 08:05,50.0
Haunted Mansion,11/15/2024 08:10,50.0
Haunted Mansion,11/15/2024 08:15,50.0
Haunted Mansion,11/15/2024 08:20,50.0
Haunted Mansion,11/15/2024 08:25,50.0
Haunted Mansion,11/15/2024 08:30,50.0
Haunted Mansion,11/15/2024 08:35,50.0
Haunted Mansion,11/15/2024 08:40,50.0
Haunted Mansion,11/15/2024 08:45,50.0
Haunted Mansion,11/15/2024 08:50,50.0
Haunted Mansion,11/15/2024 08:55,50.0
Haunted Mansion,11/15/2024 09:00,50.0
Haunted Mansion,11/15/2024 09:05,50.0
Haunted Mansion,11/15/2024 09:10,50.0
Haunted Mansion,11/15/2024 09:15,50.0
Haunted Mansion,11/15/2024 09:20,50.0
Haunted Mansion,11/15/2024 09:25,50.0
Haunted Mansion,11/15/2024 09:30,50.0
Haunted Mansion,11/15/2024 09:35,50.0
Haunted Mansion,11/15/2024 09:40,50.0
Haunted Mansion,11/15/2024 09:45,50.0
Haunted Mansion,11/15/2024 09:50,50.0
Haunted Mansion,11/15/2024 09:55,50.0
Haunted Mansion,11/15/2024 10:00,50.0
Haunted Mansion,11/15/2024 10:05,50.0
Haunted Mansion,11/15/2024 10:10,50.0
Haunted Mansion,11/15/2024 10:15,50.0
Haunted Mansion,11/15/2024 10:20,50.0
Haunted Mansion,11/15/2024 10:25,50.0
Haunted Mansion,11/15/2024 10:30,50.0
Haunted Mansion,11/15/2024 10:35,50.0
Haunted Mansion,11/15/2024 10:40,50.0
Haunted Mansion,11/15/2024 10:45,50.0
Haunted Mansion,11/15/2024 10:50,50.0
Haunted Mansion,11/15/2024 10:55,50.0
Haunted Mansion,11/15/2024 11:00,50.0
Haunted Mansion,11/15/2024 11:05,50.0
Haunted Mansion,11/15/2024 11:10,50.0
Haunted Mansion,11/15/2024 11:15,50.0
Haunted Mansion,11/15/2024 11:20,50.0
Haunted Mansion,11/15/2024 11:25,50.0
Haunted Mansion,11/15/2024 11:30,50.0
Haunted Mansion,11/15/2024 11:35,50.0
Haunted Mansion,11/15/2024 11:40,50.0
Haunted Mansion,11/15/2024 11:45,50.0
Haunted Mansion,11/15/2024 11:50,50.0
Haunted Mansion,11/15/2024 11:55,50.0
Haunted Mansion,11/15/2024 12:00,50.0
Haunted Mansion,11/15/2024 12:05,50.0
Haunted Mansion,11/15/2024 12:10,50.0
Haunted Mansion,11/15/2024 12:15,50.0
Haunted Mansion,11/15/2024 12:20,50.0
Haunted Mansion,11/15/2024 12:25,50.0
Haunted Mansion,11/15/2024 12:30,50.0
Haunted Mansion,11/15/2024 12:35,50.0
Haunted Mansion,11/15/2024 12:40,50.0
Haunted Mansion,11/15/2024 12:45,50.0
Haunted Mansion,11/15/2024 12:50,50.0
Haunted Mansion,11/15/2024 12:55,50.0
Haunted Mansion,11/16/2024 07:00,50.0
Haunted Mansion,11/16/2024 07:05,50.0
Haunted Mansion,11/16/2024 07:10,50.0
Haunted Mansion,11/16/2024 07:15,50.0
Haunted Mansion,11/16/2024 07:20,50.0
Haunted Mansion,11/16/2024 07:25,50.0
Haunted Mansion,11/16/2024 07:30,50.0
Haunted Mansion,11/16/2024 07:35,50.0
Haunted Mansion,11/16/2024 07:40,50.0
Haunted Mansion,11/16/2024 07:45,50.0
Haunted Mansion,11/16/2024 07:50,50.0
Haunted Mansion,11/16/2024 07:55,50.0
Haunted Mansion,11/16/2024 08:00,50.0
Haunted Mansion,11/16/2024 08:05,50.0
Haunted Mansion,11/16/2024 08:10,50.0
Haunted Mansion,11/16/2024 08:15,50.0
Haunted Mansion,11/16/2024 08:20,50.0
Haunted Mansion,11/16/2024 08:25,50.0
Haunted Mansion,11/16/2024 08:30,50.0
Haunted Mansion,11/16/2024 08:35,50.0
Haunted Mansion,11/16/2024 08:40,50.0
Haunted Mansion,11/16/2024 08:45,50.0
Haunted Mansion,11/16/2024 08:50,50.0
Haunted Mansion,11/16/2024 08:55,50.0
Haunted Mansion,11/16/2024 09:00,50.0
Haunted Mansion,11/16/2024 09:05,50.0
Haunted Mansion,11/16/2024 09:10,50.0
Haunted Mansion,11/16/2024 09:15,50.0
Haunted Mansion,11/16/2024 09:20,50.0
Haunted Mansion,11/16/2024 09:25,50.0
Haunted Mansion,11/16/2024 09:30,50.0
Haunted Mansion,11/16/2024 09:35,50.0
Haunted Mansion,11/16/2024 09:40,50.0
Haunted Mansion,11/16/2024 09:45,50.0
Haunted Mansion,11/16/2024 09:50,50.0
Haunted Mansion,11/16/2024 09:55,50.0
Haunted Mansion,11/16/2024 10:00,50.0
Haunted Mansion,11/16/2024 10:05,50.0
Haunted Mansion,11/16/2024 10:10,50.0
Haunted Mansion,11/16/2024 10:15,50.0
Haunted Mansion,11/16/2024 10:20,50.0
Haunted Mansion,11/16/2024 10:25,50.0
Haunted Mansion,11/16/2024 10:30,50.0
Haunted Mansion,11/16/2024 10:35,50.0
Haunted Mansion,11/16/2024 10:40,50.0
Haunted Mansion,11/16/2024 10:45,50.0
Haunted Mansion,11/16/2024 10:50,50.0
Haunted Mansion,11/16/2024 10:55,50.0
Haunted Mansion,11/16/2024 11:00,50.0
Haunted Mansion,11/16/2024 11:05,50.0
Haunted Mansion,11/16/2024 11:10,50.0
Haunted Mansion,11/16/2024 11:15,50.0
Haunted Mansion,11/16/2024 11:20,50.0
Haunted Mansion,11/16/2024 11:25,50.0
Haunted Mansion,11/16/2024 11:30,50.0
Haunted Mansion,11/16/2024 11:35,50.0
Haunted Mansion,11/16/2024 11:40,50.0
Haunted Mansion,11/16/2024 11:45,50.0
Haunted Mansion,11/16/2024 11:50,50.0
Haunted Mansion,11/16/2024 11:55,50.0
Haunted Mansion,11/16/2024 12:00,50.0
Haunted Mansion,11/16/2024 12:05,50.0
Haunted Mansion,11/16/2024 12:10,50.0
Haunted Mansion,11/16/2024 12:15,50.0
Haunted Mansion,11/16/2024 12:20,50.0
Haunted Mansion,11/16/2024 12:25,50.0
Haunted Mansion,11/16/2024 12:30,50.0
Haunted Mansion,11/16/2024 12:35,50.0
Haunted Mansion,11/16/2024 12:40,50.0
Haunted Mansion,11/16/2024 12:45,50.0
Haunted Mansion,11/16/2024 12:50,50.0
Haunted Mansion,11/16/2024 12:55,50.0
Haunted Mansion,11/17/2024 07:00,50.0
Haunted Mansion,11/17/2024 07:05,50.0
Haunted Mansion,11/17/2024 07:10,50.0
Haunted Mansion,11/17/2024 07:15,50.0
Haunted Mansion,11/17/2024 07:20,50.0
Haunted Mansion,11/17/2024 07:25,50.0
Haunted Mansion,11/17/2024 07:30,50.0
Haunted Mansion,11/17/2024 07:35,50.0
Haunted Mansion,11/17/2024 07:40,50.0
Haunted Mansion,11/17/2024 07:45,50.0
Haunted Mansion,11/17/2024 07:50,50.0
Haunted Mansion,11/17/2024 07:55,50.0
Haunted Mansion,11/17/2024 08:00,50.0
Haunted Mansion,11/17/2024 08:05,50.0
Haunted Mansion,11/17/2024 08:10,50.0
Haunted Mansion,11/17/2024 08:15,50.0
Haunted Mansion,11/17/2024 08:20,50.0
Haunted Mansion,11/17/2024 08:25,50.0
Haunted Mansion,11/17/2024 08:30,50.0
Haunted Mansion,11/17/2024 08:35,50.0
Haunted Mansion,11/17/2024 08:40,50.0
Haunted Mansion,11/17/2024 08:45,50.0
Haunted Mansion,11/17/2024 08:50,50.0
Haunted Mansion,11/17/2024 08:55,50.0
Haunted Mansion,11/17/2024 09:00,50.0
Haunted Mansion,11/17/2024 09:05,50.0
Haunted Mansion,11/17/2024 09:10,50.0
Haunted Mansion,11/17/2024 09:15,50.0
Haunted Mansion,11/17/2024 09:20,50.0
Haunted Mansion,11/17/2024 09:25,50.0
Haunted Mansion,11/17/2024 09:30,50.0
Haunted Mansion,11/17/2024 09:35,50.0
Haunted Mansion,11/17/2024 09:40,50.0
Haunted Mansion,11/17/2024 09:45,50.0
Haunted Mansion,11/17/2024 09:50,50.0
Haunted Mansion,11/17/2024 09:55,50.0
Haunted Mansion,11/17/2024 10:00,50.0
Haunted Mansion,11/17/2024 10:05,50.0
Haunted Mansion,11/17/2024 10:10,50.0
Haunted Mansion,11/17/2024 10:15,50.0
Haunted Mansion,11/17/2024 10:20,50.0
Haunted Mansion,11/17/2024 10:25,50.0
Haunted Mansion,11/17/2024 10:30,50.0
Haunted Mansion,11/17/2024 10:35,50.0
Haunted Mansion,11/17/2024 10:40,50.0
Haunted Mansion,11/17/2024 10:45,50.0
Haunted Mansion,11/17/2024 10:50,50.0
Haunted Mansion,11/17/2024 10:55,50.0
Haunted Mansion,11/17/2024 11:00,50.0
Haunted Mansion,11/17/2024 11:05,50.0
Haunted Mansion,11/17/2024 11:10,50.0
Haunted Mansion,11/17/2024 11:15,50.0
Haunted Mansion,11/17/2024 11:20,50.0
Haunted Mansion,11/17/2024 11:25,50.0
Haunted Mansion,11/17/2024 11:30,50.0
Haunted Mansion,11/17/2024 11:35,50.0
Haunted Mansion,11/17/2024 11:40,50.0
Haunted Mansion,11/17/2024 11:45,50.0
Haunted Mansion,11/17/2024 11:50,50.0
Haunted Mansion,11/17/2024 11:55,50.0
Haunted Mansion,11/17/2024 12:00,50.0
Haunted Mansion,11/17/2024 12:05,50.0
Haunted Mansion,11/17/2024 12:10,50.0
Haunted Mansion,11/17/2024 12:15,50.0
Haunted Mansion,11/17/2024 12:20,50.0
Haunted Mansion,11/17/2024 12:25,50.0
Haunted Mansion,11/17/2024 12:30,50.0
Haunted Mansion,11/17/2024 12:35,50.0
Haunted Mansion,11/17/2024 12:40,50.0
Haunted Mansion,11/17/2024 12:45,50.0
Haunted Mansion,11/17/2024 12:50,50.0
Haunted Mansion,11/17/2024 12:55,50.0
Haunted Mansion,11/18/2024 07:00,50.0
Haunted Mansion,11/18/2024 07:05,50.0
Haunted Mansion,11/18/2024 07:10,50.0
Haunted Mansion,11/18/2024 07:15,50.0
Haunted Mansion,11/18/2024 07:20,50.0
Haunted Mansion,11/18/2024 07:25,50.0
Haunted Mansion,11/18/2024 07:30,50.0
Haunted Mansion,11/18/2024 07:35,50.0
Haunted Mansion,11/18/2024 07:40,50.0
Haunted Mansion,11/18/2024 07:45,50.0
Haunted Mansion,11/18/2024 07:50,50.0
Haunted Mansion,11/18/2024 07:55,50.0
Haunted Mansion,11/18/2024 08:00,50.0
Haunted Mansion,11/18/2024 08:05,50.0
Haunted Mansion,11/18/2024 08:10,50.0
Haunted Mansion,11/18/2024 08:15,50.0
Haunted Mansion,11/18/2024 08:20,50.0
Haunted Mansion,11/18/2024 08:25,50.0
Haunted Mansion,11/18/2024 08:30,50.0
Haunted Mansion,11/18/2024 08:35,50.0
Haunted Mansion,11/18/2024 08:40,50.0
Haunted Mansion,11/18/2024 08:45,50.0
Haunted Mansion,11/18/2024 08:50,50.0
Haunted Mansion,11/18/2024 08:55,50.0
Haunted Mansion,11/18/2024 09:00,50.0
Haunted Mansion,11/18/2024 09:05,50.0
Haunted Mansion,11/18/2024 09:10,50.0
Haunted Mansion,11/18/2024 09:15,50.0
Haunted Mansion,11/18/2024 09:20,50.0
Haunted Mansion,11/18/2024 09:25,50.0
Haunted Mansion,11/18/2024 09:30,50.0
Haunted Mansion,11/18/2024 09:35,50.0
Haunted Mansion,11/18/2024 09:40,50.0
Haunted Mansion,11/18/2024 09:45,50.0
Haunted Mansion,11/18/2024 09:50,50.0
Haunted Mansion,11/18/2024 09:55,50.0
Haunted Mansion,11/18/2024 10:00,50.0
Haunted Mansion,11/18/2024 10:05,50.0
Haunted Mansion,11/18/2024 10:10,50.0
Haunted Mansion,11/18/2024 10:15,50.0
Haunted Mansion,11/18/2024 10:20,50.0
Haunted Mansion,11/18/2024 10:25,50.0
Haunted Mansion,11/18/2024 10:30,50.0
Haunted Mansion,11/18/2024 10:35,50.0
Haunted Mansion,11/18/2024 10:40,50.0
Haunted Mansion,11/18/2024 10:45,50.0
Haunted Mansion,11/18/2024 10:50,50.0
Haunted Mansion,11/18/2024 10:55,50.0
Haunted Mansion,11/18/2024 11:00,50.0
Haunted Mansion,11/18/2024 11:05,50.0
Haunted Mansion,11/18/2024 11:10,50.0
Haunted Mansion,11/18/2024 11:15,50.0
Haunted Mansion,11/18/2024 11:20,50.0
Haunted Mansion,11/18/2024 11:25,50.0
Haunted Mansion,11/18/2024 11:30,50.0
Haunted Mansion,11/18/2024 11:35,50.0
Haunted Mansion,11/18/2024 11:40,50.0
Haunted Mansion,11/18/2024 11:45,50.0
Haunted Mansion,11/18/2024 11:50,50.0
Haunted Mansion,11/18/2024 11:55,50.0
Haunted Mansion,11/18/2024 12:00,50.0
Haunted Mansion,11/18/2024 12:05,50.0
Haunted Mansion,11/18/2024 12:10,50.0
Haunted Mansion,11/18/2024 12:15,50.0
Haunted Mansion,11/18/2024 12:20,50.0
Haunted Mansion,11/18/2024 12:25,50.0
Haunted Mansion,11/18/2024 12:30,50.0
Haunted Mansion,11/18/2024 12:35,50.0
Haunted Mansion,11/18/2024 12:40,50.0
Haunted Mansion,11/18/2024 12:45,50.0
Haunted Mansion,11/18/2024 12:50,50.0
Haunted Mansion,11/18/2024 12:55,50.0
Haunted Mansion,11/19/2024 07:00,50.0
Haunted Mansion,11/19/2024 07:05,50.0
Haunted Mansion,11/19/2024 07:10,50.0
Haunted Mansion,11/19/2024 07:15,50.0
Haunted Mansion,11/19/2024 07:20,50.0
Haunted Mansion,11/19/2024 07:25,50.0
Haunted Mansion,11/19/2024 07:30,50.0
Haunted Mansion,11/19/2024 07:35,50.0
Haunted Mansion,11/19/2024 07:40,50.0
Haunted Mansion,11/19/2024 07:45,50.0
Haunted Mansion,11/19/2024 07:50,50.0
Haunted Mansion,11/19/2024 07:55,50.0
Haunted Mansion,11/19/2024 08:00,50.0
Haunted Mansion,11/19/2024 08:05,50.0
Haunted Mansion,11/19/2024 08:10,50.0
Haunted Mansion,11/19/2024 08:15,50.0
Haunted Mansion,11/19/2024 08:20,50.0
Haunted Mansion,11/19/2024 08:25,50.0
Haunted Mansion,11/19/2024 08:30,50.0
Haunted Mansion,11/19/2024 08:35,50.0
Haunted Mansion,11/19/2024 08:40,50.0
Haunted Mansion,11/19/2024 08:45,50.0
Haunted Mansion,11/19/2024 08:50,50.0
Haunted Mansion,11/19/2024 08:55,50.0
Haunted Mansion,11/19/2024 09:00,50.0
Haunted Mansion,11/19/2024 09:05,50.0
Haunted Mansion,11/19/2024 09:10,50.0
Haunted Mansion,11/19/2024 09:15,50.0
Haunted Mansion,11/19/2024 09:20,50.0
Haunted Mansion,11/19/2024 09:25,50.0
Haunted Mansion,11/19/2024 09:30,50.0
Haunted Mansion,11/19/2024 09:35,50.0
Haunted Mansion,11/19/2024 09:40,50.0
Haunted Mansion,11/19/2024 09:45,50.0
Haunted Mansion,11/19/2024 09:50,50.0
Haunted Mansion,11/19/2024 09:55,50.0
Haunted Mansion,11/19/2024 10:00,50.0
Haunted Mansion,11/19/2024 10:05,50.0
Haunted Mansion,11/19/2024 10:10,50.0
Haunted Mansion,11/19/2024 10:15,50.0
Haunted Mansion,11/19/2024 10:20,50.0
Haunted Mansion,11/19/2024 10:25,50.0
Haunted Mansion,11/19/2024 10:30,50.0
Haunted Mansion,11/19/2024 10:35,50.0
Haunted Mansion,11/19/2024 10:40,50.0
Haunted Mansion,11/19/2024 10:45,50.0
Haunted Mansion,11/19/2024 10:50,50.0
Haunted Mansion,11/19/2024 10:55,50.0
Haunted Mansion,11/19/2024 11:00,50.0
Haunted Mansion,11/19/2024 11:05,50.0
Haunted Mansion,11/19/2024 11:10,50.0
Haunted Mansion,11/19/2024 11:15,50.0
Haunted Mansion,11/19/2024 11:20,50.0
Haunted Mansion,11/19/2024 11:25,50.0
Haunted Mansion,11/19/2024 11:30,50.0
Haunted Mansion,11/19/2024 11:35,50.0
Haunted Mansion,11/19/2024 11:40,50.0
Haunted Mansion,11/19/2024 11:45,50.0
Haunted Mansion,11/19/2024 11:50,50.0
Haunted Mansion,11/19/2024 11:55,50.0
Haunted Mansion,11/19/2024 12:00,50.0
Haunted Mansion,11/19/2024 12:05,50.0
Haunted Mansion,11/19/2024 12:10,50.0
Haunted Mansion,11/19/2024 12:15,50.0
Haunted Mansion,11/19/2024 12:20,50.0
Haunted Mansion,11/19/2024 12:25,50.0
Haunted Mansion,11/19/2024 12:30,50.0
Haunted Mansion,11/19/2024 12:35,50.0
Haunted Mansion,11/19/2024 12:40,50.0
Haunted Mansion,11/19/2024 12:45,50.0
Haunted Mansion,11/19/2024 12:50,50.0
Haunted Mansion,11/19/2024 12:55,50.0
Haunted Mansion,11/20/2024 07:00,50.0
Haunted Mansion,11/20/2024 07:05,50.0
Haunted Mansion,11/20/2024 07:10,50.0
Haunted Mansion,11/20/2024 07:15,50.0
Haunted Mansion,11/20/2024 07:20,50.0
Haunted Mansion,11/20/2024 07:25,50.0
Haunted Mansion,11/20/2024 07:30,50.0
Haunted Mansion,11/20/2024 07:35,50.0
Haunted Mansion,11/20/2024 07:40,50.0
Haunted Mansion,11/20/2024 07:45,50.0
Haunted Mansion,11/20/2024 07:50,50.0
Haunted Mansion,11/20/2024 07:55,50.0
Haunted Mansion,11/20/2024 08:00,50.0
Haunted Mansion,11/20/2024 08:05,50.0
Haunted Mansion,11/20/2024 08:10,50.0
Haunted Mansion,11/20/2024 08:15,50.0
Haunted Mansion,11/20/2024 08:20,50.0
Haunted Mansion,11/20/2024 08:25,50.0
Haunted Mansion,11/20/2024 08:30,50.0
Haunted Mansion,11/20/2024 08:35,50.0
Haunted Mansion,11/20/2024 08:40,50.0
Haunted Mansion,11/20/2024 08:45,50.0
Haunted Mansion,11/20/2024 08:50,50.0
Haunted Mansion,11/20/2024 08:55,50.0
Haunted Mansion,11/20/2024 09:00,50.0
Haunted Mansion,11/20/2024 09:05,50.0
Haunted Mansion,11/20/2024 09:10,50.0
Haunted Mansion,11/20/2024 09:15,50.0
Haunted Mansion,11/20/2024 09:20,50.0
Haunted Mansion,11/20/2024 09:25,50.0
Haunted Mansion,11/20/2024 09:30,50.0
Haunted Mansion,11/20/2024 09:35,50.0
Haunted Mansion,11/20/2024 09:40,50.0
Haunted Mansion,11/20/2024 09:45,50.0
Haunted Mansion,11/20/2024 09:50,50.0
Haunted Mansion,11/20/2024 09:55,50.0
Haunted Mansion,11/20/2024 10:00,50.0
Haunted Mansion,11/20/2024 10:05,50.0
Haunted Mansion,11/20/2024 10:10,50.0
Haunted Mansion,11/20/2024 10:15,50.0
Haunted Mansion,11/20/2024 10:20,50.0
Haunted Mansion,11/20/2024 10:25,50.0
Haunted Mansion,11/20/2024 10:30,50.0
Haunted Mansion,11/20/2024 10:35,50.0
Haunted Mansion,11/20/2024 10:40,50.0
Haunted Mansion,11/20/2024 10:45,50.0
Haunted Mansion,11/20/2024 10:50,50.0
Haunted Mansion,11/20/2024 10:55,50.0
Haunted Mansion,11/20/2024 11:00,50.0
Haunted Mansion,11/20/2024 11:05,50.0
Haunted Mansion,11/20/2024 11:10,50.0
Haunted Mansion,11/20/2024 11:15,50.0
Haunted Mansion,11/20/2024 11:20,50.0
Haunted Mansion,11/20/2024 11:25,50.0
Haunted Mansion,11/20/2024 11:30,50.0
Haunted Mansion,11/20/2024 11:35,50.0
Haunted Mansion,11/20/2024 11:40,50.0
Haunted Mansion,11/20/2024 11:45,50.0
Haunted Mansion,11/20/2024 11:50,50.0
Haunted Mansion,11/20/2024 11:55,50.0
Haunted Mansion,11/20/2024 12:00,50.0
Haunted Mansion,11/20/2024 12:05,50.0
Haunted Mansion,11/20/2024 12:10,50.0
Haunted Mansion,11/20/2024 12:15,50.0
Haunted Mansion,11/20/2024 12:20,50.0
Haunted Mansion,11/20/2024 12:25,50.0
Haunted Mansion,11/20/2024 12:30,50.0
Haunted Mansion,11/20/2024 12:35,50.0
Haunted Mansion,11/20/2024 12:40,50.0
Haunted Mansion,11/20/2024 12:45,50.0
Haunted Mansion,11/20/2024 12:50,50.0
Haunted Mansion,11/20/2024 12:55,50.0
Haunted Mansion,11/21/2024 07:00,50.0
Haunted Mansion,11/21/2024 07:05,50.0
Haunted Mansion,11/21/2024 07:10,50.0
Haunted Mansion,11/21/2024 07:15,50.0
Haunted Mansion,11/21/2024 07:20,50.0
Haunted Mansion,11/21/2024 07:25,50.0
Haunted Mansion,11/21/2024 07:30,50.0
Haunted Mansion,11/21/2024 07:35,50.0
Haunted Mansion,11/21/2024 07:40,50.0
Haunted Mansion,11/21/2024 07:45,50.0
Haunted Mansion,11/21/2024 07:50,50.0
Haunted Mansion,11/21/2024 07:55,50.0
Haunted Mansion,11/21/2024 08:00,50.0
Haunted Mansion,11/21/2024 08:05,50.0
Haunted Mansion,11/21/2024 08:10,50.0
Haunted Mansion,11/21/2024 08:15,50.0
Haunted Mansion,11/21/2024 08:20,50.0
Haunted Mansion,11/21/2024 08:25,50.0
Haunted Mansion,11/21/2024 08:30,50.0
Haunted Mansion,11/21/2024 08:35,50.0
Haunted Mansion,11/21/2024 08:40,50.0
Haunted Mansion,11/21/2024 08:45,50.0
Haunted Mansion,11/21/2024 08:50,50.0
Haunted Mansion,11/21/2024 08:55,50.0
Haunted Mansion,11/21/2024 09:00,50.0
Haunted Mansion,11/21/2024 09:05,50.0
Haunted Mansion,11/21/2024 09:10,50.0
Haunted Mansion,11/21/2024 09:15,50.0
Haunted Mansion,11/21/2024 09:20,50.0
Haunted Mansion,11/21/2024 09:25,50.0
Haunted Mansion,11/21/2024 09:30,50.0
Haunted Mansion,11/21/2024 09:35,50.0
Haunted Mansion,11/21/2024 09:40,50.0
Haunted Mansion,11/21/2024 09:45,50.0
Haunted Mansion,11/21/2024 09:50,50.0
Haunted Mansion,11/21/2024 09:55,50.0
Haunted Mansion,11/21/2024 10:00,50.0
Haunted Mansion,11/21/2024 10:05,50.0
Haunted Mansion,11/21/2024 10:10,50.0
Haunted Mansion,11/21/2024 10:15,50.0
Haunted Mansion,11/21/2024 10:20,50.0
Haunted Mansion,11/21/2024 10:25,50.0
Haunted Mansion,11/21/2024 10:30,50.0
Haunted Mansion,11/21/2024 10:35,50.0
Haunted Mansion,11/21/2024 10:40,50.0
Haunted Mansion,11/21/2024 10:45,50.0
Haunted Mansion,11/21/2024 10:50,50.0
Haunted Mansion,11/21/2024 10:55,50.0
Haunted Mansion,11/21/2024 11:00,50.0
Haunted Mansion,11/21/2024 11:05,50.0
Haunted Mansion,11/21/2024 11:10,50.0
Haunted Mansion,11/21/2024 11:15,50.0
Haunted Mansion,11/21/2024 11:20,50.0
Haunted Mansion,11/21/2024 11:25,50.0
Haunted Mansion,11/21/2024 11:30,50.0
Haunted Mansion,11/21/2024 11:35,50.0
Haunted Mansion,11/21/2024 11:40,50.0
Haunted Mansion,11/21/2024 11:45,50.0
Haunted Mansion,11/21/2024 11:50,50.0
Haunted Mansion,11/21/2024 11:55,50.0
Haunted Mansion,11/21/2024 12:00,50.0
Haunted Mansion,11/21/2024 12:05,50.0
Haunted Mansion,11/21/2024 12:10,50.0
Haunted Mansion,11/21/2024 12:15,50.0
Haunted Mansion,11/21/2024 12:20,50.0
Haunted Mansion,11/21/2024 12:25,50.0
Haunted Mansion,11/21/2024 12:30,50.0
Haunted Mansion,11/21/2024 12:35,50.0
Haunted Mansion,11/21/2024 12:40,50.0
Haunted Mansion,11/21/2024 12:45,50.0
Haunted Mansion,11/21/2024 12:50,50.0
Haunted Mansion,11/21/2024 12:55,50.0
Haunted Mansion,11/22/2024 07:00,50.0
Haunted Mansion,11/22/2024 07:05,50.0
Haunted Mansion,11/22/2024 07:10,50.0
Haunted Mansion,11/22/2024 07:15,50.0
Haunted Mansion,11/22/2024 07:20,50.0
Haunted Mansion,11/22/2024 07:25,50.0
Haunted Mansion,11/22/2024 07:30,50.0
Haunted Mansion,11/22/2024 07:35,50.0
Haunted Mansion,11/22/2024 07:40,50.0
Haunted Mansion,11/22/2024 07:45,50.0
Haunted Mansion,11/22/2024 07:50,50.0
Haunted Mansion,11/22/2024 07:55,50.0
Haunted Mansion,11/22/2024 08:00,50.0
Haunted Mansion,11/22/2024 08:05,50.0
Haunted Mansion,11/22/2024 08:10,50.0
Haunted Mansion,11/22/2024 08:15,50.0
Haunted Mansion,11/22/2024 08:20,50.0
Haunted Mansion,11/22/2024 08:25,50.0
Haunted Mansion,11/22/2024 08:30,50.0
Haunted Mansion,11/22/2024 08:35,50.0
Haunted Mansion,11/22/2024 08:40,50.0
Haunted Mansion,11/22/2024 08:45,50.0
Haunted Mansion,11/22/2024 08:50,50.0
Haunted Mansion,11/22/2024 08:55,50.0
Haunted Mansion,11/22/2024 09:00,50.0
Haunted Mansion,11/22/2024 09:05,50.0
Haunted Mansion,11/22/2024 09:10,50.0
Haunted Mansion,11/22/2024 09:15,50.0
Haunted Mansion,11/22/2024 09:20,50.0
Haunted Mansion,11/22/2024 09:25,50.0
Haunted Mansion,11/22/2024 09:30,50.0
Haunted Mansion,11/22/2024 09:35,50.0
Haunted Mansion,11/22/2024 09:40,50.0
Haunted Mansion,11/22/2024 09:45,50.0
Haunted Mansion,11/22/2024 09:50,50.0
Haunted Mansion,11/22/2024 09:55,50.0
Haunted Mansion,11/22/2024 10:00,50.0
Haunted Mansion,11/22/2024 10:05,50.0
Haunted Mansion,11/22/2024 10:10,50.0
Haunted Mansion,11/22/2024 10:15,50.0
Haunted Mansion,11/22/2024 10:20,50.0
Haunted Mansion,11/22/2024 10:25,50.0
Haunted Mansion,11/22/2024 10:30,50.0
Haunted Mansion,11/22/2024 10:35,50.0
Haunted Mansion,11/22/2024 10:40,50.0
Haunted Mansion,11/22/2024 10:45,50.0
Haunted Mansion,11/22/2024 10:50,50.0
Haunted Mansion,11/22/2024 10:55,50.0
Haunted Mansion,11/22/2024 11:00,50.0
Haunted Mansion,11/22/2024 11:05,50.0
Haunted Mansion,11/22/2024 11:10,50.0
Haunted Mansion,11/22/2024 11:15,50.0
Haunted Mansion,11/22/2024 11:20,50.0
Haunted Mansion,11/22/2024 11:25,50.0
Haunted Mansion,11/22/2024 11:30,50.0
Haunted Mansion,11/22/2024 11:35,50.0
Haunted Mansion,11/22/2024 11:40,50.0
Haunted Mansion,11/22/2024 11:45,50.0
Haunted Mansion,11/22/2024 11:50,50.0
Haunted Mansion,11/22/2024 11:55,50.0
Haunted Mansion,11/22/2024 12:00,50.0
Haunted Mansion,11/22/2024 12:05,50.0
Haunted Mansion,11/22/2024 12:10,50.0
Haunted Mansion,11/22/2024 12:15,50.0
Haunted Mansion,11/22/2024 12:20,50.0
Haunted Mansion,11/22/2024 12:25,50.0
Haunted Mansion,11/22/2024 12:30,50.0
Haunted Mansion,11/22/2024 12:35,50.0
Haunted Mansion,11/22/2024 12:40,50.0
Haunted Mansion,11/22/2024 12:45,50.0
Haunted Mansion,11/22/2024 12:50,50.0
Haunted Mansion,11/22/2024 12:55,50.0
Haunted Mansion,11/23/2024 07:00,50.0
Haunted Mansion,11/23/2024 07:05,50.0
Haunted Mansion,11/23/2024 07:10,50.0
Haunted Mansion,11/23/2024 07:15,50.0
Haunted Mansion,11/23/2024 07:20,50.0
Haunted Mansion,11/23/2024 07:25,50.0
Haunted Mansion,11/23/2024 07:30,50.0
Haunted Mansion,11/23/2024 07:35,50.0
Haunted Mansion,11/23/2024 07:40,50.0
Haunted Mansion,11/23/2024 07:45,50.0
Haunted Mansion,11/23/2024 07:50,50.0
Haunted Mansion,11/23/2024 07:55,50.0
Haunted Mansion,11/23/2024 08:00,50.0
Haunted Mansion,11/23/2024 08:05,50.0
Haunted Mansion,11/23/2024 08:10,50.0
Haunted Mansion,11/23/2024 08:15,50.0
Haunted Mansion,11/23/2024 08:20,50.0
Haunted Mansion,11/23/2024 08:25,50.0
Haunted Mansion,11/23/2024 08:30,50.0
Haunted Mansion,11/23/2024 08:35,50.0
Haunted Mansion,11/23/2024 08:40,50.0
Haunted Mansion,11/23/2024 08:45,50.0
Haunted Mansion,11/23/2024 08:50,50.0
Haunted Mansion,11/23/2024 08:55,50.0
Haunted Mansion,11/23/2024 09:00,50.0
Haunted Mansion,11/23/2024 09:05,50.0
Haunted Mansion,11/23/2024 09:10,50.0
Haunted Mansion,11/23/2024 09:15,50.0
Haunted Mansion,11/23/2024 09:20,50.0
Haunted Mansion,11/23/2024 09:25,50.0
Haunted Mansion,11/23/2024 09:30,50.0
Haunted Mansion,11/23/2024 09:35,50.0
Haunted Mansion,11/23/2024 09:40,50.0
Haunted Mansion,11/23/2024 09:45,50.0
Haunted Mansion,11/23/2024 09:50,50.0
Haunted Mansion,11/23/2024 09:55,50.0
Haunted Mansion,11/23/2024 10:00,50.0
Haunted Mansion,11/23/2024 10:05,50.0
Haunted Mansion,11/23/2024 10:10,50.0
Haunted Mansion,11/23/2024 10:15,50.0
Haunted Mansion,11/23/2024 10:20,50.0
Haunted Mansion,11/23/2024 10:25,50.0
Haunted Mansion,11/23/2024 10:30,50.0
Haunted Mansion,11/23/2024 10:35,50.0
Haunted Mansion,11/23/2024 10:40,50.0
Haunted Mansion,11/23/2024 10:45,50.0
Haunted Mansion,11/23/2024 10:50,50.0
Haunted Mansion,11/23/2024 10:55,50.0
Haunted Mansion,11/23/2024 11:00,50.0
Haunted Mansion,11/23/2024 11:05,50.0
Haunted Mansion,11/23/2024 11:10,50.0
Haunted Mansion,11/23/2024 11:15,50.0
Haunted Mansion,11/23/2024 11:20,50.0
Haunted Mansion,11/23/2024 11:25,50.0
Haunted Mansion,11/23/2024 11:30,50.0
Haunted Mansion,11/23/2024 11:35,50.0
Haunted Mansion,11/23/2024 11:40,50.0
Haunted Mansion,11/23/2024 11:45,50.0
Haunted Mansion,11/23/2024 11:50,50.0
Haunted Mansion,11/23/2024 11:55,50.0
Haunted Mansion,11/23/2024 12:00,50.0
Haunted Mansion,11/23/2024 12:05,50.0
Haunted Mansion,11/23/2024 12:10,50.0
Haunted Mansion,11/23/2024 12:15,50.0
Haunted Mansion,11/23/2024 12:20,50.0
Haunted Mansion,11/23/2024 12:25,50.0
Haunted Mansion,11/23/2024 12:30,50.0
Haunted Mansion,11/23/2024 12:35,50.0
Haunted Mansion,11/23/2024 12:40,50.0
Haunted Mansion,11/23/2024 12:45,50.0
Haunted Mansion,11/23/2024 12:50,50.0
Haunted Mansion,11/23/2024 12:55,50.0
Haunted Mansion,11/24/2024 07:00,50.0
Haunted Mansion,11/24/2024 07:05,50.0
Haunted Mansion,11/24/2024 07:10,50.0
Haunted Mansion,11/24/2024 07:15,50.0
Haunted Mansion,11/24/2024 07:20,50.0
Haunted Mansion,11/24/2024 07:25,50.0
Haunted Mansion,11/24/2024 07:30,50.0
Haunted Mansion,11/24/2024 07:35,50.0
Haunted Mansion,11/24/2024 07:40,50.0
Haunted Mansion,11/24/2024 07:45,50.0
Haunted Mansion,11/24/2024 07:50,50.0
Haunted Mansion,11/24/2024 07:55,50.0
Haunted Mansion,11/24/2024 08:00,50.0
Haunted Mansion,11/24/2024 08:05,50.0
Haunted Mansion,11/24/2024 08:10,50.0
Haunted Mansion,11/24/2024 08:15,50.0
Haunted Mansion,11/24/2024 08:20,50.0
Haunted Mansion,11/24/2024 08:25,50.0
Haunted Mansion,11/24/2024 08:30,50.0
Haunted Mansion,11/24/2024 08:35,50.0
Haunted Mansion,11/24/2024 08:40,50.0
Haunted Mansion,11/24/2024 08:45,50.0
Haunted Mansion,11/24/2024 08:50,50.0
Haunted Mansion,11/24/2024 08:55,50.0
Haunted Mansion,11/24/2024 09:00,50.0
Haunted Mansion,11/24/2024 09:05,50.0
Haunted Mansion,11/24/2024 09:10,50.0
Haunted Mansion,11/24/2024 09:15,50.0
Haunted Mansion,11/24/2024 09:20,50.0
Haunted Mansion,11/24/2024 09:25,50.0
Haunted Mansion,11/24/2024 09:30,50.0
Haunted Mansion,11/24/2024 09:35,50.0
Haunted Mansion,11/24/2024 09:40,50.0
Haunted Mansion,11/24/2024 09:45,50.0
Haunted Mansion,11/24/2024 09:50,50.0
Haunted Mansion,11/24/2024 09:55,50.0
Haunted Mansion,11/24/2024 10:00,50.0
Haunted Mansion,11/24/2024 10:05,50.0
Haunted Mansion,11/24/2024 10:10,50.0
Haunted Mansion,11/24/2024 10:15,50.0
Haunted Mansion,11/24/2024 10:20,50.0
Haunted Mansion,11/24/2024 10:25,50.0
Haunted Mansion,11/24/2024 10:30,50.0
Haunted Mansion,11/24/2024 10:35,50.0
Haunted Mansion,11/24/2024 10:40,50.0
Haunted Mansion,11/24/2024 10:45,50.0
Haunted Mansion,11/24/2024 10:50,50.0
Haunted Mansion,11/24/2024 10:55,50.0
Haunted Mansion,11/24/2024 11:00,50.0
Haunted Mansion,11/24/2024 11:05,50.0
Haunted Mansion,11/24/2024 11:10,50.0
Haunted Mansion,11/24/2024 11:15,50.0
Haunted Mansion,11/24/2024 11:20,50.0
Haunted Mansion,11/24/2024 11:25,50.0
Haunted Mansion,11/24/2024 11:30,50.0
Haunted Mansion,11/24/2024 11:35,50.0
Haunted Mansion,11/24/2024 11:40,50.0
Haunted Mansion,11/24/2024 11:45,50.0
Haunted Mansion,11/24/2024 11:50,50.0
Haunted Mansion,11/24/2024 11:55,50.0
Haunted Mansion,11/24/2024 12:00,50.0
Haunted Mansion,11/24/2024 12:05,50.0
Haunted Mansion,11/24/2024 12:10,50.0
Haunted Mansion,11/24/2024 12:15,50.0
Haunted Mansion,11/24/2024 12:20,50.0
Haunted Mansion,11/24/2024 12:25,50.0
Haunted Mansion,11/24/2024 12:30,50.0
Haunted Mansion,11/24/2024 12:35,50.0
Haunted Mansion,11/24/2024 12:40,50.0
Haunted Mansion,11/24/2024 12:45,50.0
Haunted Mansion,11/24/2024 12:50,50.0
Haunted Mansion,11/24/2024 12:55,50.0
Haunted Mansion,11/25/2024 07:00,50.0
Haunted Mansion,11/25/2024 07:05,50.0
Haunted Mansion,11/25/2024 07:10,50.0
Haunted Mansion,11/25/2024 07:15,50.0
Haunted Mansion,11/25/2024 07:20,50.0
Haunted Mansion,11/25/2024 07:25,50.0
Haunted Mansion,11/25/2024 07:30,50.0
Haunted Mansion,11/25/2024 07:35,50.0
Haunted Mansion,11/25/2024 07:40,50.0
Haunted Mansion,11/25/2024 07:45,50.0
Haunted Mansion,11/25/2024 07:50,50.0
Haunted Mansion,11/25/2024 07:55,50.0
Haunted Mansion,11/25/2024 08:00,50.0
Haunted Mansion,11/25/2024 08:05,50.0
Haunted Mansion,11/25/2024 08:10,50.0
Haunted Mansion,11/25/2024 08:15,50.0
Haunted Mansion,11/25/2024 08:20,50.0
Haunted Mansion,11/25/2024 08:25,50.0
Haunted Mansion,11/25/2024 08:30,50.0
Haunted Mansion,11/25/2024 08:35,50.0
Haunted Mansion,11/25/2024 08:40,50.0
Haunted Mansion,11/25/2024 08:45,50.0
Haunted Mansion,11/25/2024 08:50,50.0
Haunted Mansion,11/25/2024 08:55,50.0
Haunted Mansion,11/25/2024 09:00,50.0
Haunted Mansion,11/25/2024 09:05,50.0
Haunted Mansion,11/25/2024 09:10,50.0
Haunted Mansion,11/25/2024 09:15,50.0
Haunted Mansion,11/25/2024 09:20,50.0
Haunted Mansion,11/25/2024 09:25,50.0
Haunted Mansion,11/25/2024 09:30,50.0
Haunted Mansion,11/25/2024 09:35,50.0
Haunted Mansion,11/25/2024 09:40,50.0
Haunted Mansion,11/25/2024 09:45,50.0
Haunted Mansion,11/25/2024 09:50,50.0
Haunted Mansion,11/25/2024 09:55,50.0
Haunted Mansion,11/25/2024 10:00,50.0
Haunted Mansion,11/25/2024 10:05,50.0
Haunted Mansion,11/25/2024 10:10,50.0
Haunted Mansion,11/25/2024 10:15,50.0
Haunted Mansion,11/25/2024 10:20,50.0
Haunted Mansion,11/25/2024 10:25,50.0
Haunted Mansion,11/25/2024 10:30,50.0
Haunted Mansion,11/25/2024 10:35,50.0
Haunted Mansion,11/25/2024 10:40,50.0
Haunted Mansion,11/25/2024 10:45,50.0
Haunted Mansion,11/25/2024 10:50,50.0
Haunted Mansion,11/25/2024 10:55,50.0
Haunted Mansion,11/25/2024 11:00,50.0
Haunted Mansion,11/25/2024 11:05,50.0
Haunted Mansion,11/25/2024 11:10,50.0
Haunted Mansion,11/25/2024 11:15,50.0
Haunted Mansion,11/25/2024 11:20,50.0
Haunted Mansion,11/25/2024 11:25,50.0
Haunted Mansion,11/25/2024 11:30,50.0
Haunted Mansion,11/25/2024 11:35,50.0
Haunted Mansion,11/25/2024 11:40,50.0
Haunted Mansion,11/25/2024 11:45,50.0
Haunted Mansion,11/25/2024 11:50,50.0
Haunted Mansion,11/25/2024 11:55,50.0
Haunted Mansion,11/25/2024 12:00,50.0
Haunted Mansion,11/25/2024 12:05,50.0
Haunted Mansion,11/25/2024 12:10,50.0
Haunted Mansion,11/25/2024 12:15,50.0
Haunted Mansion,11/25/2024 12:20,50.0
Haunted Mansion,11/25/2024 12:25,50.0
Haunted Mansion,11/25/2024 12:30,50.0
Haunted Mansion,11/25/2024 12:35,50.0
Haunted Mansion,11/25/2024 12:40,50.0
Haunted Mansion,11/25/2024 12:45,50.0
Haunted Mansion,11/25/2024 12:50,50.0
Haunted Mansion,11/25/2024 12:55,50.0
Haunted Mansion,11/26/2024 07:00,50.0
Haunted Mansion,11/26/2024 07:05,50.0
Haunted Mansion,11/26/2024 07:10,50.0
Haunted Mansion,11/26/2024 07:15,50.0
Haunted Mansion,11/26/2024 07:20,50.0
Haunted Mansion,11/26/2024 07:25,50.0
Haunted Mansion,11/26/2024 07:30,50.0
Haunted Mansion,11/26/2024 07:35,50.0
Haunted Mansion,11/26/2024 07:40,50.0
Haunted Mansion,11/26/2024 07:45,50.0
Haunted Mansion,11/26/2024 07:50,50.0
Haunted Mansion,11/26/2024 07:55,50.0
Haunted Mansion,11/26/2024 08:00,50.0
Haunted Mansion,11/26/2024 08:05,50.0
Haunted Mansion,11/26/2024 08:10,50.0
Haunted Mansion,11/26/2024 08:15,50.0
Haunted Mansion,11/26/2024 08:20,50.0
Haunted Mansion,11/26/2024 08:25,50.0
Haunted Mansion,11/26/2024 08:30,50.0
Haunted Mansion,11/26/2024 08:35,50.0
Haunted Mansion,11/26/2024 08:40,50.0
Haunted Mansion,11/26/2024 08:45,50.0
Haunted Mansion,11/26/2024 08:50,50.0
Haunted Mansion,11/26/2024 08:55,50.0
Haunted Mansion,11/26/2024 09:00,50.0
Haunted Mansion,11/26/2024 09:05,50.0
Haunted Mansion,11/26/2024 09:10,50.0
Haunted Mansion,11/26/2024 09:15,50.0
Haunted Mansion,11/26/2024 09:20,50.0
Haunted Mansion,11/26/2024 09:25,50.0
Haunted Mansion,11/26/2024 09:30,50.0
Haunted Mansion,11/26/2024 09:35,50.0
Haunted Mansion,11/26/2024 09:40,50.0
Haunted Mansion,11/26/2024 09:45,50.0
Haunted Mansion,11/26/2024 09:50,50.0
Haunted Mansion,11/26/2024 09:55,50.0
Haunted Mansion,11/26/2024 10:00,50.0
Haunted Mansion,11/26/2024 10:05,50.0
Haunted Mansion,11/26/2024 10:10,50.0
Haunted Mansion,11/26/2024 10:15,50.0
Haunted Mansion,11/26/2024 10:20,50.0
Haunted Mansion,11/26/2024 10:25,50.0
Haunted Mansion,11/26/2024 10:30,50.0
Haunted Mansion,11/26/2024 10:35,50.0
Haunted Mansion,11/26/2024 10:40,50.0
Haunted Mansion,11/26/2024 10:45,50.0
Haunted Mansion,11/26/2024 10:50,50.0
Haunted Mansion,11/26/2024 10:55,50.0
Haunted Mansion,11/26/2024 11:00,50.0
Haunted Mansion,11/26/2024 11:05,50.0
Haunted Mansion,11/26/2024 11:10,50.0
Haunted Mansion,11/26/2024 11:15,50.0
Haunted Mansion,11/26/2024 11:20,50.0
Haunted Mansion,11/26/2024 11:25,50.0
Haunted Mansion,11/26/2024 11:30,50.0
Haunted Mansion,11/26/2024 11:35,50.0
Haunted Mansion,11/26/2024 11:40,50.0
Haunted Mansion,11/26/2024 11:45,50.0
Haunted Mansion,11/26/2024 11:50,50.0
Haunted Mansion,11/26/2024 11:55,50.0
Haunted Mansion,11/26/2024 12:00,50.0
Haunted Mansion,11/26/2024 12:05,50.0
Haunted Mansion,11/26/2024 12:10,50.0
Haunted Mansion,11/26/2024 12:15,50.0
Haunted Mansion,11/26/2024 12:20,50.0
Haunted Mansion,11/26/2024 12:25,50.0
Haunted Mansion,11/26/2024 12:30,50.0
Haunted Mansion,11/26/2024 12:35,50.0
Haunted Mansion,11/26/2024 12:40,50.0
Haunted Mansion,11/26/2024 12:45,50.0
Haunted Mansion,11/26/2024 12:50,50.0
Haunted Mansion,11/26/2024 12:55,50.0
Haunted Mansion,11/27/2024 07:00,50.0
Haunted Mansion,11/27/2024 07:05,50.0
Haunted Mansion,11/27/2024 07:10,50.0
Haunted Mansion,11/27/2024 07:15,50.0
Haunted Mansion,11/27/2024 07:20,50.0
Haunted Mansion,11/27/2024 07:25,50.0
Haunted Mansion,11/27/2024 07:30,50.0
Haunted Mansion,11/27/2024 07:35,50.0
Haunted Mansion,11/27/2024 07:40,50.0
Haunted Mansion,11/27/2024 07:45,50.0
Haunted Mansion,11/27/2024 07:50,50.0
Haunted Mansion,11/27/2024 07:55,50.0
Haunted Mansion,11/27/2024 08:00,50.0
Haunted Mansion,11/27/2024 08:05,50.0
Haunted Mansion,11/27/2024 08:10,50.0
Haunted Mansion,11/27/2024 08:15,50.0
Haunted Mansion,11/27/2024 08:20,50.0
Haunted Mansion,11/27/2024 08:25,50.0
Haunted Mansion,11/27/2024 08:30,50.0
Haunted Mansion,11/27/2024 08:35,50.0
Haunted Mansion,11/27/2024 08:40,50.0
Haunted Mansion,11/27/2024 08:45,50.0
Haunted Mansion,11/27/2024 08:50,50.0
Haunted Mansion,11/27/2024 08:55,50.0
Haunted Mansion,11/27/2024 09:00,50.0
Haunted Mansion,11/27/2024 09:05,50.0
Haunted Mansion,11/27/2024 09:10,50.0
Haunted Mansion,11/27/2024 09:15,50.0
Haunted Mansion,11/27/2024 09:20,50.0
Haunted Mansion,11/27/2024 09:25,50.0
Haunted Mansion,11/27/2024 09:30,50.0
Haunted Mansion,11/27/2024 09:35,50.0
Haunted Mansion,11/27/2024 09:40,50.0
Haunted Mansion,11/27/2024 09:45,50.0
Haunted Mansion,11/27/2024 09:50,50.0
Haunted Mansion,11/27/2024 09:55,50.0
Haunted Mansion,11/27/2024 10:00,50.0
Haunted Mansion,11/27/2024 10:05,50.0
Haunted Mansion,11/27/2024 10:10,50.0
Haunted Mansion,11/27/2024 10:15,50.0
Haunted Mansion,11/27/2024 10:20,50.0
Haunted Mansion,11/27/2024 10:25,50.0
Haunted Mansion,11/27/2024 10:30,50.0
Haunted Mansion,11/27/2024 10:35,50.0
Haunted Mansion,11/27/2024 10:40,50.0
Haunted Mansion,11/27/2024 10:45,50.0
Haunted Mansion,11/27/2024 10:50,50.0
Haunted Mansion,11/27/2024 10:55,50.0
Haunted Mansion,11/27/2024 11:00,50.0
Haunted Mansion,11/27/2024 11:05,50.0
Haunted Mansion,11/27/2024 11:10,50.0
Haunted Mansion,11/27/2024 11:15,50.0
Haunted Mansion,11/27/2024 11:20,50.0
Haunted Mansion,11/27/2024 11:25,50.0
Haunted Mansion,11/27/2024 11:30,50.0
Haunted Mansion,11/27/2024 11:35,50.0
Haunted Mansion,11/27/2024 11:40,50.0
Haunted Mansion,11/27/2024 11:45,50.0
Haunted Mansion,11/27/2024 11:50,50.0
Haunted Mansion,11/27/2024 11:55,50.0
Haunted Mansion,11/27/2024 12:00,50.0
Haunted Mansion,11/27/2024 12:05,50.0
Haunted Mansion,11/27/2024 12:10,50.0
Haunted Mansion,11/27/2024 12:15,50.0
Haunted Mansion,11/27/2024 12:20,50.0
Haunted Mansion,11/27/2024 12:25,50.0
Haunted Mansion,11/27/2024 12:30,50.0
Haunted Mansion,11/27/2024 12:35,50.0
Haunted Mansion,11/27/2024 12:40,50.0
Haunted Mansion,11/27/2024 12:45,50.0
Haunted Mansion,11/27/2024 12:50,50.0
Haunted Mansion,11/27/2024 12:55,50.0
Haunted Mansion,11/28/2024 07:00,50.0
Haunted Mansion,11/28/2024 07:05,50.0
Haunted Mansion,11/28/2024 07:10,50.0
Haunted Mansion,11/28/2024 07:15,50.0
Haunted Mansion,11/28/2024 07:20,50.0
Haunted Mansion,11/28/2024 07:25,50.0
Haunted Mansion,11/28/2024 07:30,50.0
Haunted Mansion,11/28/2024 07:35,50.0
Haunted Mansion,11/28/2024 07:40,50.0
Haunted Mansion,11/28/2024 07:45,50.0
Haunted Mansion,11/28/2024 07:50,50.0
Haunted Mansion,11/28/2024 07:55,50.0
Haunted Mansion,11/28/2024 08:00,50.0
Haunted Mansion,11/28/2024 08:05,50.0
Haunted Mansion,11/28/2024 08:10,50.0
Haunted Mansion,11/28/2024 08:15,50.0
Haunted Mansion,11/28/2024 08:20,50.0
Haunted Mansion,11/28/2024 08:25,50.0
Haunted Mansion,11/28/2024 08:30,50.0
Haunted Mansion,11/28/2024 08:35,50.0
Haunted Mansion,11/28/2024 08:40,50.0
Haunted Mansion,11/28/2024 08:45,50.0
Haunted Mansion,11/28/2024 08:50,50.0
Haunted Mansion,11/28/2024 08:55,50.0
Haunted Mansion,11/28/2024 09:00,50.0
Haunted Mansion,11/28/2024 09:05,50.0
Haunted Mansion,11/28/2024 09:10,50.0
Haunted Mansion,11/28/2024 09:15,50.0
Haunted Mansion,11/28/2024 09:20,50.0
Haunted Mansion,11/28/2024 09:25,50.0
Haunted Mansion,11/28/2024 09:30,50.0
Haunted Mansion,11/28/2024 09:35,50.0
Haunted Mansion,11/28/2024 09:40,50.0
Haunted Mansion,11/28/2024 09:45,50.0
Haunted Mansion,11/28/2024 09:50,50.0
Haunted Mansion,11/28/2024 09:55,50.0
Haunted Mansion,11/28/2024 10:00,50.0
Haunted Mansion,11/28/2024 10:05,50.0
Haunted Mansion,11/28/2024 10:10,50.0
Haunted Mansion,11/28/2024 10:15,50.0
Haunted Mansion,11/28/2024 10:20,50.0
Haunted Mansion,11/28/2024 10:25,50.0
Haunted Mansion,11/28/2024 10:30,50.0
Haunted Mansion,11/28/2024 10:35,50.0
Haunted Mansion,11/28/2024 10:40,50.0
Haunted Mansion,11/28/2024 10:45,50.0
Haunted Mansion,11/28/2024 10:50,50.0
Haunted Mansion,11/28/2024 10:55,50.0
Haunted Mansion,11/28/2024 11:00,50.0
Haunted Mansion,11/28/2024 11:05,50.0
Haunted Mansion,11/28/2024 11:10,50.0
Haunted Mansion,11/28/2024 11:15,50.0
Haunted Mansion,11/28/2024 11:20,50.0
Haunted Mansion,11/28/2024 11:25,50.0
Haunted Mansion,11/28/2024 11:30,50.0
Haunted Mansion,11/28/2024 11:35,50.0
Haunted Mansion,11/28/2024 11:40,50.0
Haunted Mansion,11/28/2024 11:45,50.0
Haunted Mansion,11/28/2024 11:50,50.0
Haunted Mansion,11/28/2024 11:55,50.0
Haunted Mansion,11/28/2024 12:00,50.0
Haunted Mansion,11/28/2024 12:05,50.0
Haunted Mansion,11/28/2024 12:10,50.0
Haunted Mansion,11/28/2024 12:15,50.0
Haunted Mansion,11/28/2024 12:20,50.0
Haunted Mansion,11/28/2024 12:25,50.0
Haunted Mansion,11/28/2024 12:30,50.0
Haunted Mansion,11/28/2024 12:35,50.0
Haunted Mansion,11/28/2024 12:40,50.0
Haunted Mansion,11/28/2024 12:45,50.0
Haunted Mansion,11/28/2024 12:50,50.0
Haunted Mansion,11/28/2024 12:55,50.0
Haunted Mansion,11/29/2024 07:00,50.0
Haunted Mansion,11/29/2024 07:05,50.0
Haunted Mansion,11/29/2024 07:10,50.0
Haunted Mansion,11/29/2024 07:15,50.0
Haunted Mansion,11/29/2024 07:20,50.0
Haunted Mansion,11/29/2024 07:25,50.0
Haunted Mansion,11/29/2024 07:30,50.0
Haunted Mansion,11/29/2024 07:35,50.0
Haunted Mansion,11/29/2024 07:40,50.0
Haunted Mansion,11/29/2024 07:45,50.0
Haunted Mansion,11/29/2024 07:50,50.0
Haunted Mansion,11/29/2024 07:55,50.0
Haunted Mansion,11/29/2024 08:00,50.0
Haunted Mansion,11/29/2024 08:05,50.0
Haunted Mansion,11/29/2024 08:10,50.0
Haunted Mansion,11/29/2024 08:15,50.0
Haunted Mansion,11/29/2024 08:20,50.0
Haunted Mansion,11/29/2024 08:25,50.0
Haunted Mansion,11/29/2024 08:30,50.0
Haunted Mansion,11/29/2024 08:35,50.0
Haunted Mansion,11/29/2024 08:40,50.0
Haunted Mansion,11/29/2024 08:45,50.0
Haunted Mansion,11/29/2024 08:50,50.0
Haunted Mansion,11/29/2024 08:55,50.0
Haunted Mansion,11/29/2024 09:00,50.0
Haunted Mansion,11/29/2024 09:05,50.0
Haunted Mansion,11/29/2024 09:10,50.0
Haunted Mansion,11/29/2024 09:15,50.0
Haunted Mansion,11/29/2024 09:20,50.0
Haunted Mansion,11/29/2024 09:25,50.0
Haunted Mansion,11/29/2024 09:30,50.0
Haunted Mansion,11/29/2024 09:35,50.0
Haunted Mansion,11/29/2024 09:40,50.0
Haunted Mansion,11/29/2024 09:45,50.0
Haunted Mansion,11/29/2024 09:50,50.0
Haunted Mansion,11/29/2024 09:55,50.0
Haunted Mansion,11/29/2024 10:00,50.0
Haunted Mansion,11/29/2024 10:05,50.0
Haunted Mansion,11/29/2024 10:10,50.0
Haunted Mansion,11/29/2024 10:15,50.0
Haunted Mansion,11/29/2024 10:20,50.0
Haunted Mansion,11/29/2024 10:25,50.0
Haunted Mansion,11/29/2024 10:30,50.0
Haunted Mansion,11/29/2024 10:35,50.0
Haunted Mansion,11/29/2024 10:40,50.0
Haunted Mansion,11/29/2024 10:45,50.0
Haunted Mansion,11/29/2024 10:50,50.0
Haunted Mansion,11/29/2024 10:55,50.0
Haunted Mansion,11/29/2024 11:00,50.0
Haunted Mansion,11/29/2024 11:05,50.0
Haunted Mansion,11/29/2024 11:10,50.0
Haunted Mansion,11/29/2024 11:15,50.0
Haunted Mansion,11/29/2024 11:20,50.0
Haunted Mansion,11/29/2024 11:25,50.0
Haunted Mansion,11/29/2024 11:30,50.0
Haunted Mansion,11/29/2024 11:35,50.0
Haunted Mansion,11/29/2024 11:40,50.0
Haunted Mansion,11/29/2024 11:45,50.0
Haunted Mansion,11/29/2024 11:50,50.0
Haunted Mansion,11/29/2024 11:55,50.0
Haunted Mansion,11/29/2024 12:00,50.0
Haunted Mansion,11/29/2024 12:05,50.0
Haunted Mansion,11/29/2024 12:10,50.0
Haunted Mansion,11/29/2024 12:15,50.0
Haunted Mansion,11/29/2024 12:20,50.0
Haunted Mansion,11/29/2024 12:25,50.0
Haunted Mansion,11/29/2024 12:30,50.0
Haunted Mansion,11/29/2024 12:35,50.0
Haunted Mansion,11/29/2024 12:40,50.0
Haunted Mansion,11/29/2024 12:45,50.0
Haunted Mansion,11/29/2024 12:50,50.0
Haunted Mansion,11/29/2024 12:55,50.0
Haunted Mansion,11/30/2024 07:00,50.0
Haunted Mansion,11/30/2024 07:05,50.0
Haunted Mansion,11/30/2024 07:10,50.0
Haunted Mansion,11/30/2024 07:15,50.0
Haunted Mansion,11/30/2024 07:20,50.0
Haunted Mansion,11/30/2024 07:25,50.0
Haunted Mansion,11/30/2024 07:30,50.0
Haunted Mansion,11/30/2024 07:35,50.0
Haunted Mansion,11/30/2024 07:40,50.0
Haunted Mansion,11/30/2024 07:45,50.0
Haunted Mansion,11/30/2024 07:50,50.0
Haunted Mansion,11/30/2024 07:55,50.0
Haunted Mansion,11/30/2024 08:00,50.0
Haunted Mansion,11/30/2024 08:05,50.0
Haunted Mansion,11/30/2024 08:10,50.0
Haunted Mansion,11/30/2024 08:15,50.0
Haunted Mansion,11/30/2024 08:20,50.0
Haunted Mansion,11/30/2024 08:25,50.0
Haunted Mansion,11/30/2024 08:30,50.0
Haunted Mansion,11/30/2024 08:35,50.0
Haunted Mansion,11/30/2024 08:40,50.0
Haunted Mansion,11/30/2024 08:45,50.0
Haunted Mansion,11/30/2024 08:50,50.0
Haunted Mansion,11/30/2024 08:55,50.0
Haunted Mansion,11/30/2024 09:00,50.0
Haunted Mansion,11/30/2024 09:05,50.0
Haunted Mansion,11/30/2024 09:10,50.0
Haunted Mansion,11/30/2024 09:15,50.0
Haunted Mansion,11/30/2024 09:20,50.0
Haunted Mansion,11/30/2024 09:25,50.0
Haunted Mansion,11/30/2024 09:30,50.0
Haunted Mansion,11/30/2024 09:35,50.0
Haunted Mansion,11/30/2024 09:40,50.0
Haunted Mansion,11/30/2024 09:45,50.0
Haunted Mansion,11/30/2024 09:50,50.0
Haunted Mansion,11/30/2024 09:55,50.0
Haunted Mansion,11/30/2024 10:00,50.0
Haunted Mansion,11/30/2024 10:05,50.0
Haunted Mansion,11/30/2024 10:10,50.0
Haunted Mansion,11/30/2024 10:15,50.0
Haunted Mansion,11/30/2024 10:20,50.0
Haunted Mansion,11/30/2024 10:25,50.0
Haunted Mansion,11/30/2024 10:30,50.0
Haunted Mansion,11/30/2024 10:35,50.0
Haunted Mansion,11/30/2024 10:40,50.0
Haunted Mansion,11/30/2024 10:45,50.0
Haunted Mansion,11/30/2024 10:50,50.0
Haunted Mansion,11/30/2024 10:55,50.0
Haunted Mansion,11/30/2024 11:00,50.0
Haunted Mansion,11/30/2024 11:05,50.0
Haunted Mansion,11/30/2024 11:10,50.0
Haunted Mansion,11/30/2024 11:15,50.0
Haunted Mansion,11/30/2024 11:20,50.0
Haunted Mansion,11/30/2024 11:25,50.0
Haunted Mansion,11/30/2024 11:30,50.0
Haunted Mansion,11/30/2024 11:35,50.0
Haunted Mansion,11/30/2024 11:40,50.0
Haunted Mansion,11/30/2024 11:45,50.0
Haunted Mansion,11/30/2024 11:50,50.0
Haunted Mansion,11/30/2024 11:55,50.0
Haunted Mansion,11/30/2024 12:00,50.0
Haunted Mansion,11/30/2024 12:05,50.0
Haunted Mansion,11/30/2024 12:10,50.0
Haunted Mansion,11/30/2024 12:15,50.0
Haunted Mansion,11/30/2024 12:20,50.0
Haunted Mansion,11/30/2024 12:25,50.0
Haunted Mansion,11/30/2024 12:30,50.0
Haunted Mansion,11/30/2024 12:35,50.0
Haunted Mansion,11/30/2024 12:40,50.0
Haunted Mansion,11/30/2024 12:45,50.0
Haunted Mansion,11/30/2024 12:50,50.0
Haunted Mansion,11/30/2024 12:55,50.0
